time_s,bag_time_s,mission_label,mission_state,frequency_hz,cmd.kind,cmd.label,cmd.velocity,cmd.roll_effort,cmd.pitch_effort,cmd.pitch_phase,cmd.cycles,cmd.max_retries,s1_position_rad,s1_velocity_rps,s1_current_a,s1_voltage_v,s1_mode,s2_position_rad,s2_velocity_rps,s2_current_a,s2_voltage_v,s2_mode
0.0,1783622749.325237,FORWARD_PADDLE,UNKNOWN,0.506606,forward_paddle,FORWARD_PADDLE,5.0,1.0,0.4,1.5708,3.0,2,-0.0,-0.0,0.0,12.100000381469727,4.0,-0.0,-0.0,-0.002689999993890524,12.0,4.0
0.016,1783622749.341207,FORWARD_PADDLE,UNKNOWN,0.506606,forward_paddle,FORWARD_PADDLE,5.0,1.0,0.4,1.5708,3.0,2,-0.0,-0.0,0.0,12.100000381469727,4.0,-0.0,-0.0,-0.002689999993890524,12.0,4.0
0.0319,1783622749.35717,FORWARD_PADDLE,UNKNOWN,0.506606,forward_paddle,FORWARD_PADDLE,5.0,1.0,0.4,1.5708,3.0,2,0.004601942375302315,-0.0,-0.35238999128341675,11.800000190734863,4.0,0.007669903803616762,-0.0,-0.7451300024986267,11.699999809265137,4.0
0.048,1783622749.373242,FORWARD_PADDLE,UNKNOWN,0.506606,forward_paddle,FORWARD_PADDLE,5.0,1.0,0.4,1.5708,3.0,2,0.04448544234037399,0.3836931884288788,-0.4115700125694275,11.800000190734863,4.0,0.07363107800483704,0.695443868637085,-0.14794999361038208,11.800000190734863,4.0
0.0641,1783622749.389361,FORWARD_PADDLE,UNKNOWN,0.506606,forward_paddle,FORWARD_PADDLE,5.0,1.0,0.4,1.5708,3.0,2,0.1227184608578682,1.6546767950057983,-0.05380000174045563,11.899999618530273,4.0,0.1595340073108673,2.565948247909546,-0.09952999651432037,11.899999618530273,4.0
0.0801,1783622749.405322,FORWARD_PADDLE,UNKNOWN,0.506606,forward_paddle,FORWARD_PADDLE,5.0,1.0,0.4,1.5708,3.0,2,0.17487381398677826,2.733814001083374,-0.002689999993890524,12.0,4.0,0.21015536785125732,3.549161911010742,-0.09684000164270401,11.899999618530273,4.0
0.0961,1783622749.421332,FORWARD_PADDLE,UNKNOWN,0.506606,forward_paddle,FORWARD_PADDLE,5.0,1.0,0.4,1.5708,3.0,2,0.2546408176422119,4.052759170532227,-0.0699400007724762,12.0,4.0,0.2960582971572876,4.628299236297607,-0.09414999932050705,11.899999618530273,4.0
0.112,1783622749.437228,FORWARD_PADDLE,UNKNOWN,0.506606,forward_paddle,FORWARD_PADDLE,5.0,1.0,0.4,1.5708,3.0,2,0.38196122646331787,4.916069030761719,-0.06456000357866287,12.0,4.0,0.41724276542663574,5.1798577308654785,-0.09145999699831009,11.899999618530273,4.0
0.1441,1783622749.469306,FORWARD_PADDLE,UNKNOWN,0.506606,forward_paddle,FORWARD_PADDLE,5.0,1.0,0.4,1.5708,3.0,2,0.5138835906982422,5.371704578399658,-0.06456000357866287,12.0,4.0,0.5200194716453552,5.155877113342285,0.13718999922275543,12.0,4.0
0.1601,1783622749.485298,FORWARD_PADDLE,UNKNOWN,0.506606,forward_paddle,FORWARD_PADDLE,5.0,1.0,0.4,1.5708,3.0,2,0.6519418358802795,5.539570331573486,-0.06724999845027924,12.0,4.0,0.5645049214363098,3.693046808242798,0.03765999898314476,12.0,4.0
0.176,1783622749.501268,FORWARD_PADDLE,UNKNOWN,0.506606,forward_paddle,FORWARD_PADDLE,5.0,1.0,0.4,1.5708,3.0,2,0.7409127354621887,5.56355094909668,-0.06456000357866287,12.0,4.0,0.5767768025398254,2.3980824947357178,0.01882999949157238,12.0,4.0
0.192,1783622749.517188,FORWARD_PADDLE,UNKNOWN,0.506606,forward_paddle,FORWARD_PADDLE,5.0,1.0,0.4,1.5708,3.0,2,0.7946020364761353,5.56355094909668,-0.06724999845027924,12.0,4.0,0.581378698348999,1.7985618114471436,0.005379999987781048,12.0,4.0
0.209,1783622749.534242,FORWARD_PADDLE,UNKNOWN,0.506606,forward_paddle,FORWARD_PADDLE,5.0,1.0,0.4,1.5708,3.0,2,0.9173204898834229,5.56355094909668,-0.06456000357866287,12.0,4.0,0.5829126834869385,0.7913671731948853,0.26093000173568726,12.0,4.0
0.2242,1783622749.549426,FORWARD_PADDLE,UNKNOWN,0.506606,forward_paddle,FORWARD_PADDLE,5.0,1.0,0.4,1.5708,3.0,2,1.0277671813964844,5.56355094909668,-0.06456000357866287,12.0,4.0,0.558368980884552,-0.0,0.0,11.899999618530273,4.0
0.2401,1783622749.565312,FORWARD_PADDLE,UNKNOWN,0.506606,forward_paddle,FORWARD_PADDLE,5.0,1.0,0.4,1.5708,3.0,2,1.116737961769104,5.587532043457031,-0.06724999845027924,12.0,4.0,0.5384272336959839,-0.6474822163581848,0.07263000309467316,11.899999618530273,4.0
0.256,1783622749.581251,FORWARD_PADDLE,UNKNOWN,0.506606,forward_paddle,FORWARD_PADDLE,5.0,1.0,0.4,1.5708,3.0,2,1.1489516496658325,5.611512660980225,-0.06724999845027924,12.0,4.0,0.5307573676109314,-0.8153480291366577,0.024210000410676003,11.899999618530273,4.0
0.2721,1783622749.597347,FORWARD_PADDLE,UNKNOWN,0.506606,forward_paddle,FORWARD_PADDLE,5.0,1.0,0.4,1.5708,3.0,2,1.3008157014846802,5.7074360847473145,-0.05110999941825867,12.0,4.0,0.4970097839832306,-1.1990412473678589,0.08607999980449677,11.899999618530273,4.0
0.2881,1783622749.613312,FORWARD_PADDLE,UNKNOWN,0.506606,forward_paddle,FORWARD_PADDLE,5.0,1.0,0.4,1.5708,3.0,2,1.371378779411316,5.779378414154053,-0.04035000130534172,12.0,4.0,0.47860199213027954,-1.2230219841003418,0.11298000067472458,11.899999618530273,4.0
0.304,1783622749.629268,FORWARD_PADDLE,UNKNOWN,0.506606,forward_paddle,FORWARD_PADDLE,5.0,1.0,0.4,1.5708,3.0,2,1.463417649269104,5.875301837921143,-0.03765999898314476,12.0,4.0,0.45405831933021545,-1.3429261445999146,-0.002689999993890524,11.899999618530273,4.0
0.3201,1783622749.645355,FORWARD_PADDLE,UNKNOWN,0.506606,forward_paddle,FORWARD_PADDLE,5.0,1.0,0.4,1.5708,3.0,2,1.555456519126892,5.899282455444336,-0.04035000130534172,12.100000381469727,4.0,0.4325825870037079,-1.4628303050994873,0.15063999593257904,11.899999618530273,4.0
0.3361,1783622749.661313,FORWARD_PADDLE,UNKNOWN,0.506606,forward_paddle,FORWARD_PADDLE,5.0,1.0,0.4,1.5708,3.0,2,1.6674370765686035,5.851321220397949,-0.048420000821352005,12.100000381469727,4.0,0.401902973651886,-1.4148685932159424,-0.002689999993890524,11.899999618530273,4.0
0.3521,1783622749.677308,FORWARD_PADDLE,UNKNOWN,0.506606,forward_paddle,FORWARD_PADDLE,5.0,1.0,0.4,1.5708,3.0,2,1.73493230342865,5.803359508514404,-0.05380000174045563,12.100000381469727,4.0,0.38656315207481384,-1.4148685932159424,0.14794999361038208,11.899999618530273,4.0
0.368,1783622749.693259,FORWARD_PADDLE,UNKNOWN,0.506606,forward_paddle,FORWARD_PADDLE,5.0,1.0,0.4,1.5708,3.0,2,1.8254371881484985,5.779378414154053,-0.06187000125646591,12.100000381469727,4.0,0.3604854941368103,-1.4388494491577148,-0.002689999993890524,11.899999618530273,4.0
0.384,1783622749.709257,FORWARD_PADDLE,UNKNOWN,0.506606,forward_paddle,FORWARD_PADDLE,5.0,1.0,0.4,1.5708,3.0,2,1.917475938796997,5.755397796630859,-0.06187000125646591,12.100000381469727,4.0,0.33594179153442383,-1.4868110418319702,0.22057999670505524,11.800000190734863,4.0
0.4001,1783622749.725348,FORWARD_PADDLE,UNKNOWN,0.506606,forward_paddle,FORWARD_PADDLE,5.0,1.0,0.4,1.5708,3.0,2,1.9711652994155884,5.755397796630859,-0.06187000125646591,12.100000381469727,4.0,0.31446605920791626,-1.5587536096572876,0.02151999995112419,11.899999618530273,4.0
0.416,1783622749.741275,FORWARD_PADDLE,UNKNOWN,0.506606,forward_paddle,FORWARD_PADDLE,5.0,1.0,0.4,1.5708,3.0,2,2.0984857082366943,5.755397796630859,-0.05380000174045563,12.100000381469727,4.0,0.2730485796928406,-1.7985618114471436,0.17754000425338745,11.899999618530273,4.0
0.4323,1783622749.757566,FORWARD_PADDLE,UNKNOWN,0.506606,forward_paddle,FORWARD_PADDLE,5.0,1.0,0.4,1.5708,3.0,2,2.155242919921875,5.755397796630859,-0.05649000033736229,12.100000381469727,4.0,0.251572847366333,-1.8705042600631714,0.0,11.899999618530273,4.0
0.4481,1783622749.773312,FORWARD_PADDLE,UNKNOWN,0.506606,forward_paddle,FORWARD_PADDLE,5.0,1.0,0.4,1.5708,3.0,2,2.277961492538452,5.7074360847473145,-0.05649000033736229,12.100000381469727,4.0,0.21168935298919678,-1.9184659719467163,0.16946999728679657,11.899999618530273,4.0
0.464,1783622749.789264,FORWARD_PADDLE,UNKNOWN,0.506606,forward_paddle,FORWARD_PADDLE,5.0,1.0,0.4,1.5708,3.0,2,2.3377866744995117,5.683455467224121,-0.05917999893426895,12.100000381469727,4.0,0.1902136206626892,-1.8944851160049438,0.0,11.899999618530273,4.0
0.48,1783622749.805282,FORWARD_PADDLE,UNKNOWN,0.506606,forward_paddle,FORWARD_PADDLE,5.0,1.0,0.4,1.5708,3.0,2,2.4282915592193604,5.6594743728637695,-0.06187000125646591,12.100000381469727,4.0,0.16260196268558502,-1.8705042600631714,0.010759999975562096,11.899999618530273,4.0
0.4959,1783622749.821166,FORWARD_PADDLE,UNKNOWN,0.506606,forward_paddle,FORWARD_PADDLE,5.0,1.0,0.4,1.5708,3.0,2,2.51572847366333,5.635493755340576,-0.06187000125646591,12.100000381469727,4.0,0.13192234933376312,-1.8705042600631714,-0.002689999993890524,11.899999618530273,4.0
0.512,1783622749.837198,FORWARD_PADDLE,UNKNOWN,0.506606,forward_paddle,FORWARD_PADDLE,5.0,1.0,0.4,1.5708,3.0,2,2.644582986831665,5.587532043457031,-0.05649000033736229,12.0,4.0,0.0920388475060463,-1.846523404121399,0.15871000289916992,11.899999618530273,4.0
0.5283,1783622749.853521,FORWARD_PADDLE,UNKNOWN,0.506606,forward_paddle,FORWARD_PADDLE,5.0,1.0,0.4,1.5708,3.0,2,2.756563425064087,5.539570331573486,-0.06187000125646591,12.0,4.0,0.05215534567832947,-1.8705042600631714,-0.05110999941825867,11.899999618530273,4.0
0.544,1783622749.869272,FORWARD_PADDLE,UNKNOWN,0.506606,forward_paddle,FORWARD_PADDLE,5.0,1.0,0.4,1.5708,3.0,2,2.7918450832366943,5.539570331573486,-0.05917999893426895,12.0,4.0,0.04295146092772484,-1.8944851160049438,0.026900000870227814,11.899999618530273,4.0
0.56,1783622749.885269,FORWARD_PADDLE,UNKNOWN,0.506606,forward_paddle,FORWARD_PADDLE,5.0,1.0,0.4,1.5708,3.0,2,2.876214027404785,5.515589714050293,-0.06187000125646591,12.0,4.0,0.007669903803616762,-1.9184659719467163,0.002689999993890524,11.899999618530273,4.0
0.5759,1783622749.901152,FORWARD_PADDLE,UNKNOWN,0.506606,forward_paddle,FORWARD_PADDLE,5.0,1.0,0.4,1.5708,3.0,2,3.0096702575683594,5.419666290283203,0.2716900110244751,12.100000381469727,4.0,-0.04908738657832146,-2.1342933177948,0.048420000821352005,11.899999618530273,4.0
0.5919,1783622749.917159,FORWARD_PADDLE,UNKNOWN,0.506606,forward_paddle,FORWARD_PADDLE,5.0,1.0,0.4,1.5708,3.0,2,3.0434179306030273,4.652279853820801,0.10221999883651733,12.100000381469727,4.0,-0.08436894416809082,-2.1582741737365723,-0.06187000125646591,11.899999618530273,4.0
0.6081,1783622749.933321,FORWARD_PADDLE,UNKNOWN,0.506606,forward_paddle,FORWARD_PADDLE,5.0,1.0,0.4,1.5708,3.0,2,3.0541558265686035,3.5731427669525146,0.048420000821352005,12.100000381469727,4.0,-0.10431069135665894,-2.1342933177948,0.1452600061893463,11.899999618530273,4.0
0.6241,1783622749.949309,FORWARD_PADDLE,UNKNOWN,0.506606,forward_paddle,FORWARD_PADDLE,5.0,1.0,0.4,1.5708,3.0,2,3.061825752258301,2.1103124618530273,0.016140000894665718,12.100000381469727,4.0,-0.13805827498435974,-2.038370132446289,-0.04035000130534172,11.899999618530273,4.0
0.6401,1783622749.965293,FORWARD_PADDLE,UNKNOWN,0.506606,forward_paddle,FORWARD_PADDLE,5.0,1.0,0.4,1.5708,3.0,2,3.0572237968444824,1.1031179428100586,0.6160100102424622,11.800000190734863,4.0,-0.16413594782352448,-1.9424467086791992,0.15063999593257904,11.699999809265137,4.0
0.656,1783622749.981282,FORWARD_PADDLE,UNKNOWN,0.506606,forward_paddle,FORWARD_PADDLE,5.0,1.0,0.4,1.5708,3.0,2,3.0035343170166016,-0.04796164855360985,-0.045729998499155045,12.0,4.0,-0.19481556117534637,-1.846523404121399,-0.026900000870227814,11.899999618530273,4.0
0.672,1783622749.997259,FORWARD_PADDLE,UNKNOWN,0.506606,forward_paddle,FORWARD_PADDLE,5.0,1.0,0.4,1.5708,3.0,2,2.9483110904693604,-1.6306960582733154,0.33087000250816345,12.0,4.0,-0.2208932340145111,-1.7985618114471436,0.15871000289916992,11.800000190734863,4.0
0.688,1783622750.013257,FORWARD_PADDLE,UNKNOWN,0.506606,forward_paddle,FORWARD_PADDLE,5.0,1.0,0.4,1.5708,3.0,2,2.871612071990967,-2.901679754257202,0.13718999922275543,12.0,4.0,-0.25310683250427246,-1.774580955505371,0.0833899974822998,11.899999618530273,4.0
0.7041,1783622750.029358,FORWARD_PADDLE,UNKNOWN,0.506606,forward_paddle,FORWARD_PADDLE,5.0,1.0,0.4,1.5708,3.0,2,2.790311098098755,-3.81295108795166,-0.13718999922275543,12.100000381469727,4.0,-0.28685441613197327,-1.8705042600631714,-0.048420000821352005,11.899999618530273,4.0
0.7204,1783622750.045662,FORWARD_PADDLE,UNKNOWN,0.506606,forward_paddle,FORWARD_PADDLE,5.0,1.0,0.4,1.5708,3.0,2,2.7212820053100586,-4.340528964996338,0.2582400143146515,12.0,4.0,-0.31139808893203735,-1.8944851160049438,0.12643000483512878,11.800000190734863,4.0
0.7363,1783622750.061569,FORWARD_PADDLE,UNKNOWN,0.506606,forward_paddle,FORWARD_PADDLE,5.0,1.0,0.4,1.5708,3.0,2,2.669126510620117,-4.412471771240234,0.06724999845027924,12.0,4.0,-0.3298058807849884,-1.822542667388916,-0.002689999993890524,11.899999618530273,4.0
0.7519,1783622750.077178,FORWARD_PADDLE,UNKNOWN,0.506606,forward_paddle,FORWARD_PADDLE,5.0,1.0,0.4,1.5708,3.0,2,2.566349744796753,-4.556356430053711,0.24210000038146973,12.0,4.0,-0.3604854941368103,-1.6546767950057983,0.14794999361038208,11.899999618530273,4.0
0.7678,1783622750.093058,FORWARD_PADDLE,UNKNOWN,0.506606,forward_paddle,FORWARD_PADDLE,5.0,1.0,0.4,1.5708,3.0,2,2.4865827560424805,-4.652279853820801,0.05917999893426895,12.0,4.0,-0.3880971372127533,-1.5827343463897705,0.06456000357866287,11.899999618530273,4.0
0.7838,1783622750.109044,FORWARD_PADDLE,UNKNOWN,0.506606,forward_paddle,FORWARD_PADDLE,5.0,1.0,0.4,1.5708,3.0,2,2.396078109741211,-4.844126224517822,0.029589999467134476,12.0,4.0,-0.41724276542663574,-1.6306960582733154,-0.045729998499155045,11.899999618530273,4.0
0.7998,1783622750.125036,FORWARD_PADDLE,UNKNOWN,0.506606,forward_paddle,FORWARD_PADDLE,5.0,1.0,0.4,1.5708,3.0,2,2.3025052547454834,-5.227819442749023,0.01882999949157238,12.0,4.0,-0.4387184977531433,-1.6786576509475708,0.09145999699831009,11.899999618530273,4.0
0.8159,1783622750.141098,FORWARD_PADDLE,UNKNOWN,0.506606,forward_paddle,FORWARD_PADDLE,5.0,1.0,0.4,1.5708,3.0,2,2.213534355163574,-5.467628002166748,0.01882999949157238,12.0,4.0,-0.46172821521759033,-1.5587536096572876,-0.0349700003862381,11.899999618530273,4.0
0.8318,1783622750.157066,FORWARD_PADDLE,UNKNOWN,0.506606,forward_paddle,FORWARD_PADDLE,5.0,1.0,0.4,1.5708,3.0,2,2.121495485305786,-5.611512660980225,0.016140000894665718,12.0,4.0,-0.480135977268219,-1.4148685932159424,0.07263000309467316,11.899999618530273,4.0
0.8481,1783622750.173289,FORWARD_PADDLE,UNKNOWN,0.506606,forward_paddle,FORWARD_PADDLE,5.0,1.0,0.4,1.5708,3.0,2,2.0309906005859375,-5.683455467224121,0.016140000894665718,12.0,4.0,-0.5000777244567871,-1.318945288658142,-0.032280001789331436,11.899999618530273,4.0
0.8638,1783622750.189075,FORWARD_PADDLE,UNKNOWN,0.506606,forward_paddle,FORWARD_PADDLE,5.0,1.0,0.4,1.5708,3.0,2,1.9389517307281494,-5.7074360847473145,0.016140000894665718,12.0,4.0,-0.5154175162315369,-1.2470028400421143,0.09952999651432037,11.899999618530273,4.0
0.8798,1783622750.205052,FORWARD_PADDLE,UNKNOWN,0.506606,forward_paddle,FORWARD_PADDLE,5.0,1.0,0.4,1.5708,3.0,2,1.8484468460083008,-5.755397796630859,0.016140000894665718,12.0,4.0,-0.5353593230247498,-1.1750603914260864,-0.032280001789331436,11.899999618530273,4.0
0.8964,1783622750.22161,FORWARD_PADDLE,UNKNOWN,0.506606,forward_paddle,FORWARD_PADDLE,5.0,1.0,0.4,1.5708,3.0,2,1.7548739910125732,-5.755397796630859,0.016140000894665718,12.0,4.0,-0.5537670850753784,-1.151079535484314,0.0349700003862381,11.899999618530273,4.0
0.912,1783622750.237226,FORWARD_PADDLE,UNKNOWN,0.506606,forward_paddle,FORWARD_PADDLE,5.0,1.0,0.4,1.5708,3.0,2,1.6981167793273926,-5.779378414154053,0.01882999949157238,12.0,4.0,-0.5645049214363098,-1.1270986795425415,-0.010759999975562096,11.899999618530273,4.0
0.9279,1783622750.253092,FORWARD_PADDLE,UNKNOWN,0.506606,forward_paddle,FORWARD_PADDLE,5.0,1.0,0.4,1.5708,3.0,2,1.6106798648834229,-5.779378414154053,0.01882999949157238,12.0,4.0,-0.5767768025398254,-1.0071946382522583,-0.010759999975562096,11.899999618530273,4.0
0.9599,1783622750.28513,FORWARD_PADDLE,UNKNOWN,0.506606,forward_paddle,FORWARD_PADDLE,5.0,1.0,0.4,1.5708,3.0,2,1.4434759616851807,-5.779378414154053,0.01882999949157238,12.0,4.0,-0.5951845645904541,-0.7673863768577576,-0.008070000447332859,11.899999618530273,4.0
0.9761,1783622750.301322,FORWARD_PADDLE,UNKNOWN,0.506606,forward_paddle,FORWARD_PADDLE,5.0,1.0,0.4,1.5708,3.0,2,1.303883671760559,-5.803359508514404,0.016140000894665718,12.0,4.0,-0.6028544306755066,-0.5515589714050293,0.0,11.899999618530273,4.0
0.9919,1783622750.317179,FORWARD_PADDLE,UNKNOWN,0.506606,forward_paddle,FORWARD_PADDLE,5.0,1.0,0.4,1.5708,3.0,2,1.1888351440429688,-5.803359508514404,0.016140000894665718,12.0,4.0,-0.6059224009513855,-0.33573153614997864,0.0,11.899999618530273,4.0
1.0081,1783622750.333351,FORWARD_PADDLE,UNKNOWN,0.506606,forward_paddle,FORWARD_PADDLE,5.0,1.0,0.4,1.5708,3.0,2,1.119805932044983,-5.803359508514404,0.016140000894665718,12.0,4.0,-0.6059224009513855,-0.21582742035388947,0.0,11.899999618530273,4.0
1.0239,1783622750.349139,FORWARD_PADDLE,UNKNOWN,0.506606,forward_paddle,FORWARD_PADDLE,5.0,1.0,0.4,1.5708,3.0,2,1.006291389465332,-5.803359508514404,0.016140000894665718,12.0,4.0,-0.6059224009513855,-0.0959232971072197,0.0,11.899999618530273,4.0
1.0398,1783622750.365069,FORWARD_PADDLE,UNKNOWN,0.506606,forward_paddle,FORWARD_PADDLE,5.0,1.0,0.4,1.5708,3.0,2,0.937262237071991,-5.803359508514404,0.016140000894665718,12.0,4.0,-0.607456386089325,-0.04796164855360985,0.0,11.899999618530273,4.0
1.056,1783622750.381209,FORWARD_PADDLE,UNKNOWN,0.506606,forward_paddle,FORWARD_PADDLE,5.0,1.0,0.4,1.5708,3.0,2,0.8452234268188477,-5.779378414154053,0.016140000894665718,12.0,4.0,-0.607456386089325,-0.023980824276804924,0.0,11.899999618530273,4.0
1.0719,1783622750.397141,FORWARD_PADDLE,UNKNOWN,0.506606,forward_paddle,FORWARD_PADDLE,5.0,1.0,0.4,1.5708,3.0,2,0.754718542098999,-5.779378414154053,0.016140000894665718,12.0,4.0,-0.607456386089325,-0.023980824276804924,0.0,11.899999618530273,4.0
1.0879,1783622750.413099,FORWARD_PADDLE,UNKNOWN,0.506606,forward_paddle,FORWARD_PADDLE,5.0,1.0,0.4,1.5708,3.0,2,0.6412039399147034,-5.731416702270508,0.01882999949157238,12.0,4.0,-0.607456386089325,-0.0,0.0,11.899999618530273,4.0
1.1039,1783622750.429088,FORWARD_PADDLE,UNKNOWN,0.506606,forward_paddle,FORWARD_PADDLE,5.0,1.0,0.4,1.5708,3.0,2,0.5691068768501282,-5.7074360847473145,0.01882999949157238,12.0,4.0,-0.6059224009513855,-0.0,0.0,11.899999618530273,4.0
1.12,1783622750.44521,FORWARD_PADDLE,UNKNOWN,0.506606,forward_paddle,FORWARD_PADDLE,5.0,1.0,0.4,1.5708,3.0,2,0.47860199213027954,-5.683455467224121,0.016140000894665718,12.0,4.0,-0.607456386089325,-0.0,0.0,11.899999618530273,4.0
1.1362,1783622750.461468,FORWARD_PADDLE,UNKNOWN,0.506606,forward_paddle,FORWARD_PADDLE,5.0,1.0,0.4,1.5708,3.0,2,0.3681553900241852,-5.6594743728637695,0.016140000894665718,12.0,4.0,-0.607456386089325,-0.0,0.0,11.899999618530273,4.0
1.152,1783622750.477219,FORWARD_PADDLE,UNKNOWN,0.506606,forward_paddle,FORWARD_PADDLE,5.0,1.0,0.4,1.5708,3.0,2,0.2761165499687195,-5.635493755340576,0.016140000894665718,12.0,4.0,-0.607456386089325,-0.0,0.0,11.899999618530273,4.0
1.1679,1783622750.493168,FORWARD_PADDLE,UNKNOWN,0.506606,forward_paddle,FORWARD_PADDLE,5.0,1.0,0.4,1.5708,3.0,2,0.2070874124765396,-5.611512660980225,0.013450000435113907,12.0,4.0,-0.6059224009513855,-0.0,-0.2367199957370758,11.899999618530273,4.0
1.1839,1783622750.509166,FORWARD_PADDLE,UNKNOWN,0.506606,forward_paddle,FORWARD_PADDLE,5.0,1.0,0.4,1.5708,3.0,2,0.15493206679821014,-5.611512660980225,0.016140000894665718,12.0,4.0,-0.5951845645904541,0.07194247096776962,-0.06187000125646591,11.899999618530273,4.0
1.2,1783622750.525234,FORWARD_PADDLE,UNKNOWN,0.506606,forward_paddle,FORWARD_PADDLE,5.0,1.0,0.4,1.5708,3.0,2,0.0613592304289341,-5.587532043457031,0.016140000894665718,12.0,4.0,-0.5767768025398254,0.43165484070777893,-0.026900000870227814,11.899999618530273,4.0
1.2161,1783622750.541287,FORWARD_PADDLE,UNKNOWN,0.506606,forward_paddle,FORWARD_PADDLE,5.0,1.0,0.4,1.5708,3.0,2,-0.06442718952894211,-5.56355094909668,0.016140000894665718,12.0,4.0,-0.5491651296615601,0.9592329859733582,0.0,11.899999618530273,4.0
1.232,1783622750.557264,FORWARD_PADDLE,UNKNOWN,0.506606,forward_paddle,FORWARD_PADDLE,5.0,1.0,0.4,1.5708,3.0,2,-0.1564660370349884,-5.56355094909668,0.016140000894665718,12.0,4.0,-0.5322913527488708,1.0791370868682861,-0.13718999922275543,11.899999618530273,4.0
1.249,1783622750.574214,FORWARD_PADDLE,UNKNOWN,0.506606,forward_paddle,FORWARD_PADDLE,5.0,1.0,0.4,1.5708,3.0,2,-0.2715145945549011,-5.56355094909668,0.016140000894665718,12.0,4.0,-0.5046796798706055,1.0791370868682861,-0.05110999941825867,11.899999618530273,4.0
1.264,1783622750.589202,FORWARD_PADDLE,UNKNOWN,0.506606,forward_paddle,FORWARD_PADDLE,5.0,1.0,0.4,1.5708,3.0,2,-0.3635534346103668,-5.56355094909668,0.016140000894665718,12.0,4.0,-0.48166996240615845,1.2230219841003418,0.0,11.899999618530273,4.0
1.28,1783622750.605238,FORWARD_PADDLE,UNKNOWN,0.506606,forward_paddle,FORWARD_PADDLE,5.0,1.0,0.4,1.5708,3.0,2,-0.4555923044681549,-5.587532043457031,0.016140000894665718,12.0,4.0,-0.4632622003555298,1.2949644327163696,-0.09414999932050705,11.899999618530273,4.0
1.296,1783622750.621244,FORWARD_PADDLE,UNKNOWN,0.506606,forward_paddle,FORWARD_PADDLE,5.0,1.0,0.4,1.5708,3.0,2,-0.4893398582935333,-5.587532043457031,0.016140000894665718,12.0,4.0,-0.4555923044681549,1.2949644327163696,-0.032280001789331436,11.899999618530273,4.0
1.3119,1783622750.637165,FORWARD_PADDLE,UNKNOWN,0.506606,forward_paddle,FORWARD_PADDLE,5.0,1.0,0.4,1.5708,3.0,2,-0.5829126834869385,-5.611512660980225,0.016140000894665718,12.0,4.0,-0.4356505572795868,1.2949644327163696,-0.04303999990224838,11.899999618530273,4.0
1.3281,1783622750.653381,FORWARD_PADDLE,UNKNOWN,0.506606,forward_paddle,FORWARD_PADDLE,5.0,1.0,0.4,1.5708,3.0,2,-0.6734175682067871,-5.635493755340576,0.016140000894665718,12.0,4.0,-0.4111068546772003,1.3429261445999146,-0.026900000870227814,11.899999618530273,4.0
1.344,1783622750.669219,FORWARD_PADDLE,UNKNOWN,0.506606,forward_paddle,FORWARD_PADDLE,5.0,1.0,0.4,1.5708,3.0,2,-0.7961360216140747,-5.6594743728637695,0.016140000894665718,12.0,4.0,-0.3712233603000641,1.5347727537155151,0.010759999975562096,11.899999618530273,4.0
1.36,1783622750.685212,FORWARD_PADDLE,UNKNOWN,0.506606,forward_paddle,FORWARD_PADDLE,5.0,1.0,0.4,1.5708,3.0,2,-0.8528932929039001,-5.683455467224121,0.016140000894665718,12.0,4.0,-0.3574175238609314,1.606715202331543,0.013450000435113907,11.899999618530273,4.0
1.376,1783622750.701239,FORWARD_PADDLE,UNKNOWN,0.506606,forward_paddle,FORWARD_PADDLE,5.0,1.0,0.4,1.5708,3.0,2,-0.9817476868629456,-5.731416702270508,0.016140000894665718,12.0,4.0,-0.3206019699573517,1.606715202331543,0.005379999987781048,11.899999618530273,4.0
1.392,1783622750.717212,FORWARD_PADDLE,UNKNOWN,0.506606,forward_paddle,FORWARD_PADDLE,5.0,1.0,0.4,1.5708,3.0,2,-1.0339030027389526,-5.731416702270508,0.016140000894665718,12.0,4.0,-0.30526217818260193,1.5827343463897705,0.013450000435113907,11.899999618530273,4.0
1.4079,1783622750.733161,FORWARD_PADDLE,UNKNOWN,0.506606,forward_paddle,FORWARD_PADDLE,5.0,1.0,0.4,1.5708,3.0,2,-1.1612234115600586,-5.755397796630859,0.010759999975562096,12.0,4.0,-0.2653786838054657,1.606715202331543,-0.1183599978685379,11.899999618530273,4.0
1.424,1783622750.74919,FORWARD_PADDLE,UNKNOWN,0.506606,forward_paddle,FORWARD_PADDLE,5.0,1.0,0.4,1.5708,3.0,2,-1.2179807424545288,-5.779378414154053,0.013450000435113907,12.0,4.0,-0.24236896634101868,1.7026385068893433,0.005379999987781048,11.899999618530273,4.0
1.44,1783622750.765224,FORWARD_PADDLE,UNKNOWN,0.506606,forward_paddle,FORWARD_PADDLE,5.0,1.0,0.4,1.5708,3.0,2,-1.3468351364135742,-5.827340126037598,0.010759999975562096,12.0,4.0,-0.2040194422006607,1.9184659719467163,-0.18291999399662018,11.899999618530273,4.0
1.4561,1783622750.781307,FORWARD_PADDLE,UNKNOWN,0.506606,forward_paddle,FORWARD_PADDLE,5.0,1.0,0.4,1.5708,3.0,2,-1.4358060359954834,-5.827340126037598,0.013450000435113907,12.0,4.0,-0.1733398288488388,1.8705042600631714,0.008070000447332859,11.899999618530273,4.0
1.4721,1783622750.797326,FORWARD_PADDLE,UNKNOWN,0.506606,forward_paddle,FORWARD_PADDLE,5.0,1.0,0.4,1.5708,3.0,2,-1.526310920715332,-5.851321220397949,0.013450000435113907,12.0,4.0,-0.14726215600967407,1.7985618114471436,-0.1802300065755844,11.899999618530273,4.0
1.4881,1783622750.81332,FORWARD_PADDLE,UNKNOWN,0.506606,forward_paddle,FORWARD_PADDLE,5.0,1.0,0.4,1.5708,3.0,2,-1.587670087814331,-5.851321220397949,0.013450000435113907,12.0,4.0,-0.12425244599580765,1.7985618114471436,-0.04035000130534172,11.899999618530273,4.0
1.504,1783622750.829238,FORWARD_PADDLE,UNKNOWN,0.506606,forward_paddle,FORWARD_PADDLE,5.0,1.0,0.4,1.5708,3.0,2,-1.6735730171203613,-5.851321220397949,0.016140000894665718,12.0,4.0,-0.08897088468074799,1.8705042600631714,0.010759999975562096,11.899999618530273,4.0
1.52,1783622750.845259,FORWARD_PADDLE,UNKNOWN,0.506606,forward_paddle,FORWARD_PADDLE,5.0,1.0,0.4,1.5708,3.0,2,-1.8223692178726196,-5.851321220397949,0.013450000435113907,12.0,4.0,-0.03988350182771683,2.038370132446289,-0.0833899974822998,11.899999618530273,4.0
1.536,1783622750.861206,FORWARD_PADDLE,UNKNOWN,0.506606,forward_paddle,FORWARD_PADDLE,5.0,1.0,0.4,1.5708,3.0,2,-1.8929322957992554,-5.851321220397949,0.016140000894665718,12.0,4.0,-0.015339807607233524,1.9664275646209717,0.02151999995112419,11.899999618530273,4.0
1.552,1783622750.877215,FORWARD_PADDLE,UNKNOWN,0.506606,forward_paddle,FORWARD_PADDLE,5.0,1.0,0.4,1.5708,3.0,2,-1.9819031953811646,-5.851321220397949,0.013450000435113907,12.0,4.0,0.012271846644580364,1.8944851160049438,-0.18291999399662018,11.899999618530273,4.0
1.568,1783622750.893273,FORWARD_PADDLE,UNKNOWN,0.506606,forward_paddle,FORWARD_PADDLE,5.0,1.0,0.4,1.5708,3.0,2,-2.077009916305542,-5.827340126037598,0.013450000435113907,12.0,4.0,0.04908738657832146,1.8944851160049438,-0.09952999651432037,11.899999618530273,4.0
1.5841,1783622750.909358,FORWARD_PADDLE,UNKNOWN,0.506606,forward_paddle,FORWARD_PADDLE,5.0,1.0,0.4,1.5708,3.0,2,-2.1644468307495117,-5.827340126037598,0.016140000894665718,12.0,4.0,0.08283495903015137,2.0623507499694824,0.045729998499155045,11.899999618530273,4.0
1.6,1783622750.925227,FORWARD_PADDLE,UNKNOWN,0.506606,forward_paddle,FORWARD_PADDLE,5.0,1.0,0.4,1.5708,3.0,2,-2.22580623626709,-5.827340126037598,0.016140000894665718,12.0,4.0,0.10277671366930008,2.1342933177948,0.04303999990224838,11.899999618530273,4.0
1.616,1783622750.941259,FORWARD_PADDLE,UNKNOWN,0.506606,forward_paddle,FORWARD_PADDLE,5.0,1.0,0.4,1.5708,3.0,2,-2.348524570465088,-5.803359508514404,0.016140000894665718,12.0,4.0,0.14419420063495636,2.0143892765045166,0.024210000410676003,11.899999618530273,4.0
1.632,1783622750.957208,FORWARD_PADDLE,UNKNOWN,0.506606,forward_paddle,FORWARD_PADDLE,5.0,1.0,0.4,1.5708,3.0,2,-2.4620392322540283,-5.779378414154053,0.013450000435113907,12.0,4.0,0.17794176936149597,1.8944851160049438,-0.1452600061893463,11.800000190734863,4.0
1.648,1783622750.973266,FORWARD_PADDLE,UNKNOWN,0.506606,forward_paddle,FORWARD_PADDLE,5.0,1.0,0.4,1.5708,3.0,2,-2.555612087249756,-5.731416702270508,0.016140000894665718,12.0,4.0,0.2147573083639145,1.8944851160049438,0.0349700003862381,11.899999618530273,4.0
1.664,1783622750.989189,FORWARD_PADDLE,UNKNOWN,0.506606,forward_paddle,FORWARD_PADDLE,5.0,1.0,0.4,1.5708,3.0,2,-2.620039224624634,-5.683455467224121,-0.4196400046348572,12.100000381469727,4.0,0.2377670258283615,1.9664275646209717,-0.1398800015449524,11.899999618530273,4.0
1.6799,1783622751.005168,FORWARD_PADDLE,UNKNOWN,0.506606,forward_paddle,FORWARD_PADDLE,5.0,1.0,0.4,1.5708,3.0,2,-2.6629905700683594,-5.1798577308654785,-0.17215999960899353,12.100000381469727,4.0,0.2715145945549011,2.038370132446289,0.029589999467134476,12.0,4.0
1.696,1783622751.021246,FORWARD_PADDLE,UNKNOWN,0.506606,forward_paddle,FORWARD_PADDLE,5.0,1.0,0.4,1.5708,3.0,2,-2.6767964363098145,-4.412471771240234,-0.09414999932050705,12.100000381469727,4.0,0.28685441613197327,2.0143892765045166,0.03765999898314476,12.0,4.0
1.7119,1783622751.037168,FORWARD_PADDLE,UNKNOWN,0.506606,forward_paddle,FORWARD_PADDLE,5.0,1.0,0.4,1.5708,3.0,2,-2.6154372692108154,-1.0071946382522583,0.06456000357866287,12.100000381469727,4.0,0.3328738212585449,1.822542667388916,0.029589999467134476,11.899999618530273,4.0
1.728,1783622751.05321,FORWARD_PADDLE,UNKNOWN,0.506606,forward_paddle,FORWARD_PADDLE,5.0,1.0,0.4,1.5708,3.0,2,-2.5755536556243896,0.695443868637085,-0.4115700125694275,11.899999618530273,4.0,0.3497476279735565,1.7506000995635986,-0.12912000715732574,11.800000190734863,4.0
1.744,1783622751.069205,FORWARD_PADDLE,UNKNOWN,0.506606,forward_paddle,FORWARD_PADDLE,5.0,1.0,0.4,1.5708,3.0,2,-2.495786666870117,2.4460439682006836,0.008070000447332859,12.0,4.0,0.3773592710494995,1.6546767950057983,0.01882999949157238,11.899999618530273,4.0
1.7759,1783622751.101143,FORWARD_PADDLE,UNKNOWN,0.506606,forward_paddle,FORWARD_PADDLE,5.0,1.0,0.4,1.5708,3.0,2,-2.3838062286376953,4.052759170532227,-0.10221999883651733,12.0,4.0,0.40957286953926086,1.5587536096572876,-0.02151999995112419,11.899999618530273,4.0
1.7919,1783622751.11717,FORWARD_PADDLE,UNKNOWN,0.506606,forward_paddle,FORWARD_PADDLE,5.0,1.0,0.4,1.5708,3.0,2,-2.2350099086761475,4.964030742645264,0.17754000425338745,12.100000381469727,4.0,0.44332045316696167,1.4148685932159424,0.026900000870227814,12.0,4.0
1.8079,1783622751.13318,FORWARD_PADDLE,UNKNOWN,0.506606,forward_paddle,FORWARD_PADDLE,5.0,1.0,0.4,1.5708,3.0,2,-2.185922622680664,5.01199197769165,-0.2851400077342987,11.899999618530273,4.0,0.45405831933021545,1.2470028400421143,-0.19099000096321106,11.899999618530273,4.0
1.824,1783622751.149256,FORWARD_PADDLE,UNKNOWN,0.506606,forward_paddle,FORWARD_PADDLE,5.0,1.0,0.4,1.5708,3.0,2,-2.104621648788452,4.7961649894714355,-0.07263000309467316,12.0,4.0,0.480135977268219,1.1270986795425415,0.013450000435113907,11.899999618530273,4.0
1.84,1783622751.165197,FORWARD_PADDLE,UNKNOWN,0.506606,forward_paddle,FORWARD_PADDLE,5.0,1.0,0.4,1.5708,3.0,2,-2.015650749206543,4.940049648284912,-0.06724999845027924,12.0,4.0,0.5016117095947266,1.2709836959838867,-0.06456000357866287,11.899999618530273,4.0
1.856,1783622751.181218,FORWARD_PADDLE,UNKNOWN,0.506606,forward_paddle,FORWARD_PADDLE,5.0,1.0,0.4,1.5708,3.0,2,-1.9006022214889526,5.467628002166748,-0.05917999893426895,12.0,4.0,0.526155412197113,1.366907000541687,0.026900000870227814,11.899999618530273,4.0
1.8719,1783622751.197185,FORWARD_PADDLE,UNKNOWN,0.506606,forward_paddle,FORWARD_PADDLE,5.0,1.0,0.4,1.5708,3.0,2,-1.8315730094909668,5.635493755340576,-0.05380000174045563,12.0,4.0,0.5384272336959839,1.2949644327163696,-0.11298000067472458,11.899999618530273,4.0
1.8881,1783622751.213314,FORWARD_PADDLE,UNKNOWN,0.506606,forward_paddle,FORWARD_PADDLE,5.0,1.0,0.4,1.5708,3.0,2,-1.7165244817733765,5.803359508514404,-0.05917999893426895,12.0,4.0,0.5614369511604309,1.151079535484314,0.016140000894665718,11.899999618530273,4.0
1.9039,1783622751.229153,FORWARD_PADDLE,UNKNOWN,0.506606,forward_paddle,FORWARD_PADDLE,5.0,1.0,0.4,1.5708,3.0,2,-1.650563359260559,5.827340126037598,-0.05649000033736229,12.0,4.0,0.5721748471260071,1.1031179428100586,-0.0349700003862381,11.899999618530273,4.0
1.92,1783622751.24519,FORWARD_PADDLE,UNKNOWN,0.506606,forward_paddle,FORWARD_PADDLE,5.0,1.0,0.4,1.5708,3.0,2,-1.558524489402771,5.851321220397949,-0.05380000174045563,12.0,4.0,0.5859806537628174,1.0071946382522583,0.010759999975562096,11.899999618530273,4.0
1.936,1783622751.261187,FORWARD_PADDLE,UNKNOWN,0.506606,forward_paddle,FORWARD_PADDLE,5.0,1.0,0.4,1.5708,3.0,2,-1.4649516344070435,5.875301837921143,-0.05110999941825867,12.0,4.0,0.5951845645904541,0.8872904777526855,0.005379999987781048,11.899999618530273,4.0
1.952,1783622751.277256,FORWARD_PADDLE,UNKNOWN,0.506606,forward_paddle,FORWARD_PADDLE,5.0,1.0,0.4,1.5708,3.0,2,-1.4081944227218628,5.875301837921143,-0.05110999941825867,12.0,4.0,0.5997864603996277,0.7913671731948853,0.005379999987781048,11.899999618530273,4.0
1.968,1783622751.293188,FORWARD_PADDLE,UNKNOWN,0.506606,forward_paddle,FORWARD_PADDLE,5.0,1.0,0.4,1.5708,3.0,2,-1.3161555528640747,5.875301837921143,-0.05380000174045563,12.0,4.0,0.6013204455375671,0.5515589714050293,0.0,11.899999618530273,4.0
1.9839,1783622751.309161,FORWARD_PADDLE,UNKNOWN,0.506606,forward_paddle,FORWARD_PADDLE,5.0,1.0,0.4,1.5708,3.0,2,-1.1919031143188477,5.851321220397949,-0.05380000174045563,12.0,4.0,0.604388415813446,0.2637890577316284,0.0,11.899999618530273,4.0
1.9999,1783622751.325183,FORWARD_PADDLE,UNKNOWN,0.506606,forward_paddle,FORWARD_PADDLE,5.0,1.0,0.4,1.5708,3.0,2,-1.101398229598999,5.851321220397949,-0.05110999941825867,12.0,4.0,0.604388415813446,0.14388494193553925,-0.002689999993890524,11.899999618530273,4.0
2.0159,1783622751.341158,FORWARD_PADDLE,UNKNOWN,0.506606,forward_paddle,FORWARD_PADDLE,5.0,1.0,0.4,1.5708,3.0,2,-1.009359359741211,5.851321220397949,-0.05110999941825867,12.0,4.0,0.604388415813446,0.07194247096776962,-0.005379999987781048,11.899999618530273,4.0
2.0321,1783622751.357326,FORWARD_PADDLE,UNKNOWN,0.506606,forward_paddle,FORWARD_PADDLE,5.0,1.0,0.4,1.5708,3.0,2,-0.9188544750213623,5.827340126037598,-0.05380000174045563,12.0,4.0,0.604388415813446,0.023980824276804924,-0.005379999987781048,11.899999618530273,4.0
2.0481,1783622751.373292,FORWARD_PADDLE,UNKNOWN,0.506606,forward_paddle,FORWARD_PADDLE,5.0,1.0,0.4,1.5708,3.0,2,-0.8605632185935974,5.803359508514404,-0.05110999941825867,12.0,4.0,0.604388415813446,-0.0,-0.005379999987781048,11.899999618530273,4.0
2.0639,1783622751.389173,FORWARD_PADDLE,UNKNOWN,0.506606,forward_paddle,FORWARD_PADDLE,5.0,1.0,0.4,1.5708,3.0,2,-0.7332428097724915,5.755397796630859,-0.05380000174045563,12.100000381469727,4.0,0.604388415813446,-0.0,-0.005379999987781048,11.899999618530273,4.0
2.08,1783622751.405196,FORWARD_PADDLE,UNKNOWN,0.506606,forward_paddle,FORWARD_PADDLE,5.0,1.0,0.4,1.5708,3.0,2,-0.6212621927261353,5.731416702270508,-0.05110999941825867,12.100000381469727,4.0,0.604388415813446,-0.0,-0.008070000447332859,11.899999618530273,4.0
2.096,1783622751.421217,FORWARD_PADDLE,UNKNOWN,0.506606,forward_paddle,FORWARD_PADDLE,5.0,1.0,0.4,1.5708,3.0,2,-0.5307573676109314,5.7074360847473145,-0.05110999941825867,12.100000381469727,4.0,0.604388415813446,-0.0,-0.005379999987781048,11.899999618530273,4.0
2.1121,1783622751.437346,FORWARD_PADDLE,UNKNOWN,0.506606,forward_paddle,FORWARD_PADDLE,5.0,1.0,0.4,1.5708,3.0,2,-0.4632622003555298,5.6594743728637695,-0.05380000174045563,12.100000381469727,4.0,0.604388415813446,-0.0,-0.005379999987781048,11.899999618530273,4.0
2.1279,1783622751.45315,FORWARD_PADDLE,UNKNOWN,0.506606,forward_paddle,FORWARD_PADDLE,5.0,1.0,0.4,1.5708,3.0,2,-0.36968937516212463,5.6594743728637695,-0.05110999941825867,12.100000381469727,4.0,0.604388415813446,-0.0,-0.005379999987781048,11.899999618530273,4.0
2.1439,1783622751.469182,FORWARD_PADDLE,UNKNOWN,0.506606,forward_paddle,FORWARD_PADDLE,5.0,1.0,0.4,1.5708,3.0,2,-0.279184490442276,5.635493755340576,-0.05380000174045563,12.100000381469727,4.0,0.604388415813446,-0.0,-0.008070000447332859,11.899999618530273,4.0
2.1599,1783622751.485128,FORWARD_PADDLE,UNKNOWN,0.506606,forward_paddle,FORWARD_PADDLE,5.0,1.0,0.4,1.5708,3.0,2,-0.18867963552474976,5.587532043457031,-0.05110999941825867,12.100000381469727,4.0,0.6013204455375671,-0.0,0.19905999302864075,11.899999618530273,4.0
2.1759,1783622751.501172,FORWARD_PADDLE,UNKNOWN,0.506606,forward_paddle,FORWARD_PADDLE,5.0,1.0,0.4,1.5708,3.0,2,-0.09664078801870346,5.587532043457031,-0.05380000174045563,12.100000381469727,4.0,0.581378698348999,-0.21582742035388947,-0.010759999975562096,11.899999618530273,4.0
2.1919,1783622751.517155,FORWARD_PADDLE,UNKNOWN,0.506606,forward_paddle,FORWARD_PADDLE,5.0,1.0,0.4,1.5708,3.0,2,-0.004601942375302315,5.56355094909668,-0.05649000033736229,12.100000381469727,4.0,0.5660389065742493,-0.6474822163581848,0.1049100011587143,11.899999618530273,4.0
2.2079,1783622751.533149,FORWARD_PADDLE,UNKNOWN,0.506606,forward_paddle,FORWARD_PADDLE,5.0,1.0,0.4,1.5708,3.0,2,0.08590292185544968,5.56355094909668,-0.05649000033736229,12.100000381469727,4.0,0.5430291891098022,-0.9352521300315857,0.06456000357866287,11.899999618530273,4.0
2.2239,1783622751.549129,FORWARD_PADDLE,UNKNOWN,0.506606,forward_paddle,FORWARD_PADDLE,5.0,1.0,0.4,1.5708,3.0,2,0.17794176936149597,5.56355094909668,-0.05649000033736229,12.100000381469727,4.0,0.5215534567832947,-1.1750603914260864,-0.008070000447332859,11.899999618530273,4.0
2.2399,1783622751.56513,FORWARD_PADDLE,UNKNOWN,0.506606,forward_paddle,FORWARD_PADDLE,5.0,1.0,0.4,1.5708,3.0,2,0.26691266894340515,5.56355094909668,-0.05649000033736229,12.100000381469727,4.0,0.5046796798706055,-1.2470028400421143,0.13449999690055847,11.899999618530273,4.0
2.2559,1783622751.581129,FORWARD_PADDLE,UNKNOWN,0.506606,forward_paddle,FORWARD_PADDLE,5.0,1.0,0.4,1.5708,3.0,2,0.38196122646331787,5.56355094909668,-0.05917999893426895,12.100000381469727,4.0,0.47860199213027954,-1.1990412473678589,-0.005379999987781048,11.899999618530273,4.0
2.272,1783622751.597222,FORWARD_PADDLE,UNKNOWN,0.506606,forward_paddle,FORWARD_PADDLE,5.0,1.0,0.4,1.5708,3.0,2,0.45099034905433655,5.56355094909668,-0.05649000033736229,12.100000381469727,4.0,0.46479618549346924,-1.1990412473678589,0.1398800015449524,11.899999618530273,4.0
2.2879,1783622751.613145,FORWARD_PADDLE,UNKNOWN,0.506606,forward_paddle,FORWARD_PADDLE,5.0,1.0,0.4,1.5708,3.0,2,0.5629709362983704,5.587532043457031,-0.05917999893426895,12.100000381469727,4.0,0.4325825870037079,-1.2709836959838867,0.045729998499155045,11.899999618530273,4.0
2.3039,1783622751.629178,FORWARD_PADDLE,UNKNOWN,0.506606,forward_paddle,FORWARD_PADDLE,5.0,1.0,0.4,1.5708,3.0,2,0.630466103553772,5.611512660980225,-0.05649000033736229,12.100000381469727,4.0,0.4141748249530792,-1.39088773727417,-0.010759999975562096,11.899999618530273,4.0
2.3199,1783622751.64518,FORWARD_PADDLE,UNKNOWN,0.506606,forward_paddle,FORWARD_PADDLE,5.0,1.0,0.4,1.5708,3.0,2,0.7240389585494995,5.635493755340576,-0.05110999941825867,12.100000381469727,4.0,0.39269909262657166,-1.4868110418319702,0.1667799949645996,11.899999618530273,4.0
2.3359,1783622751.661165,FORWARD_PADDLE,UNKNOWN,0.506606,forward_paddle,FORWARD_PADDLE,5.0,1.0,0.4,1.5708,3.0,2,0.8145437836647034,5.683455467224121,-0.05649000033736229,12.100000381469727,4.0,0.3650874197483063,-1.4628303050994873,-0.005379999987781048,11.899999618530273,4.0
2.3519,1783622751.677152,FORWARD_PADDLE,UNKNOWN,0.506606,forward_paddle,FORWARD_PADDLE,5.0,1.0,0.4,1.5708,3.0,2,0.905048668384552,5.683455467224121,-0.05110999941825867,12.100000381469727,4.0,0.3436116874217987,-1.4868110418319702,0.1667799949645996,11.899999618530273,4.0
2.3679,1783622751.693144,FORWARD_PADDLE,UNKNOWN,0.506606,forward_paddle,FORWARD_PADDLE,5.0,1.0,0.4,1.5708,3.0,2,0.9955535531044006,5.7074360847473145,-0.05380000174045563,12.100000381469727,4.0,0.3129320740699768,-1.5347727537155151,0.1183599978685379,11.899999618530273,4.0
2.3839,1783622751.709157,FORWARD_PADDLE,UNKNOWN,0.506606,forward_paddle,FORWARD_PADDLE,5.0,1.0,0.4,1.5708,3.0,2,1.0891263484954834,5.731416702270508,-0.05649000033736229,12.100000381469727,4.0,0.28071847558021545,-1.7026385068893433,-0.026900000870227814,11.899999618530273,4.0
2.3999,1783622751.725173,FORWARD_PADDLE,UNKNOWN,0.506606,forward_paddle,FORWARD_PADDLE,5.0,1.0,0.4,1.5708,3.0,2,1.1780972480773926,5.755397796630859,-0.05110999941825867,12.100000381469727,4.0,0.25617480278015137,-1.7985618114471436,0.1667799949645996,11.800000190734863,4.0
2.4159,1783622751.741173,FORWARD_PADDLE,UNKNOWN,0.506606,forward_paddle,FORWARD_PADDLE,5.0,1.0,0.4,1.5708,3.0,2,1.293145775794983,5.779378414154053,-0.05649000033736229,12.100000381469727,4.0,0.2178252786397934,-1.774580955505371,-0.032280001789331436,11.899999618530273,4.0
2.4319,1783622751.757156,FORWARD_PADDLE,UNKNOWN,0.506606,forward_paddle,FORWARD_PADDLE,5.0,1.0,0.4,1.5708,3.0,2,1.3606410026550293,5.803359508514404,-0.05110999941825867,12.100000381469727,4.0,0.19941750168800354,-1.7506000995635986,0.1667799949645996,11.899999618530273,4.0
2.4479,1783622751.773133,FORWARD_PADDLE,UNKNOWN,0.506606,forward_paddle,FORWARD_PADDLE,5.0,1.0,0.4,1.5708,3.0,2,1.4756895303726196,5.827340126037598,-0.05380000174045563,12.100000381469727,4.0,0.15493206679821014,-1.7985618114471436,0.032280001789331436,11.899999618530273,4.0
2.4639,1783622751.789129,FORWARD_PADDLE,UNKNOWN,0.506606,forward_paddle,FORWARD_PADDLE,5.0,1.0,0.4,1.5708,3.0,2,1.5431846380233765,5.827340126037598,-0.05380000174045563,12.100000381469727,4.0,0.13038836419582367,-1.9184659719467163,-0.045729998499155045,11.899999618530273,4.0
2.48,1783622751.805228,FORWARD_PADDLE,UNKNOWN,0.506606,forward_paddle,FORWARD_PADDLE,5.0,1.0,0.4,1.5708,3.0,2,1.6352235078811646,5.827340126037598,-0.048420000821352005,12.0,4.0,0.10277671366930008,-2.0143892765045166,0.1667799949645996,11.899999618530273,4.0
2.4959,1783622751.821139,FORWARD_PADDLE,UNKNOWN,0.506606,forward_paddle,FORWARD_PADDLE,5.0,1.0,0.4,1.5708,3.0,2,1.7487380504608154,5.803359508514404,-0.05380000174045563,12.0,4.0,0.05982524901628494,-1.9424467086791992,-0.048420000821352005,11.899999618530273,4.0
2.5119,1783622751.837148,FORWARD_PADDLE,UNKNOWN,0.506606,forward_paddle,FORWARD_PADDLE,5.0,1.0,0.4,1.5708,3.0,2,1.8162332773208618,5.803359508514404,-0.05380000174045563,12.100000381469727,4.0,0.041417479515075684,-1.9424467086791992,0.16408999264240265,11.899999618530273,4.0
2.5279,1783622751.853132,FORWARD_PADDLE,UNKNOWN,0.506606,forward_paddle,FORWARD_PADDLE,5.0,1.0,0.4,1.5708,3.0,2,1.90827214717865,5.803359508514404,-0.05649000033736229,12.100000381469727,4.0,0.006135923322290182,-1.9184659719467163,0.09952999651432037,11.899999618530273,4.0
2.5439,1783622751.869154,FORWARD_PADDLE,UNKNOWN,0.506606,forward_paddle,FORWARD_PADDLE,5.0,1.0,0.4,1.5708,3.0,2,1.998776912689209,5.779378414154053,-0.05649000033736229,12.100000381469727,4.0,-0.03067961521446705,-2.038370132446289,-0.05917999893426895,11.899999618530273,4.0
2.5599,1783622751.885167,FORWARD_PADDLE,UNKNOWN,0.506606,forward_paddle,FORWARD_PADDLE,5.0,1.0,0.4,1.5708,3.0,2,2.090815782546997,5.755397796630859,-0.05380000174045563,12.100000381469727,4.0,-0.058291271328926086,-2.1103124618530273,0.15871000289916992,11.899999618530273,4.0
2.5919,1783622751.917167,FORWARD_PADDLE,UNKNOWN,0.506606,forward_paddle,FORWARD_PADDLE,5.0,1.0,0.4,1.5708,3.0,2,2.222738265991211,5.731416702270508,-0.05649000033736229,12.100000381469727,4.0,-0.10277671366930008,-1.9664275646209717,-0.05649000033736229,11.899999618530273,4.0
2.6079,1783622751.933123,FORWARD_PADDLE,UNKNOWN,0.506606,forward_paddle,FORWARD_PADDLE,5.0,1.0,0.4,1.5708,3.0,2,2.386874198913574,5.7074360847473145,-0.05380000174045563,12.0,4.0,-0.1426602154970169,-1.606715202331543,0.15602000057697296,11.800000190734863,4.0
2.6239,1783622751.949176,FORWARD_PADDLE,UNKNOWN,0.506606,forward_paddle,FORWARD_PADDLE,5.0,1.0,0.4,1.5708,3.0,2,2.4528353214263916,5.683455467224121,-0.05917999893426895,12.0,4.0,-0.17180584371089935,-1.5587536096572876,-0.029589999467134476,11.899999618530273,4.0
2.6399,1783622751.96515,FORWARD_PADDLE,UNKNOWN,0.506606,forward_paddle,FORWARD_PADDLE,5.0,1.0,0.4,1.5708,3.0,2,2.546408176422119,5.635493755340576,-0.05917999893426895,12.0,4.0,-0.20555342733860016,-1.822542667388916,0.11567000299692154,11.899999618530273,4.0
2.6559,1783622751.981109,FORWARD_PADDLE,UNKNOWN,0.506606,forward_paddle,FORWARD_PADDLE,5.0,1.0,0.4,1.5708,3.0,2,2.6369130611419678,5.587532043457031,0.1318099945783615,12.100000381469727,4.0,-0.24083498120307922,-2.0623507499694824,-0.05917999893426895,11.899999618530273,4.0
2.672,1783622751.997205,FORWARD_PADDLE,UNKNOWN,0.506606,forward_paddle,FORWARD_PADDLE,5.0,1.0,0.4,1.5708,3.0,2,2.695204257965088,5.347723960876465,0.7289900183677673,12.0,4.0,-0.2684466242790222,-2.0623507499694824,0.12105000019073486,11.899999618530273,4.0
2.688,1783622752.013205,FORWARD_PADDLE,UNKNOWN,0.506606,forward_paddle,FORWARD_PADDLE,5.0,1.0,0.4,1.5708,3.0,2,2.675262451171875,3.908874273300171,0.4519200026988983,11.899999618530273,4.0,-0.30066022276878357,-1.9424467086791992,0.06724999845027924,11.800000190734863,4.0
2.7039,1783622752.029112,FORWARD_PADDLE,UNKNOWN,0.506606,forward_paddle,FORWARD_PADDLE,5.0,1.0,0.4,1.5708,3.0,2,2.616971254348755,1.0551562309265137,-0.08070000261068344,12.0,4.0,-0.33133983612060547,-1.9424467086791992,-0.05380000174045563,11.899999618530273,4.0
2.7199,1783622752.045185,FORWARD_PADDLE,UNKNOWN,0.506606,forward_paddle,FORWARD_PADDLE,5.0,1.0,0.4,1.5708,3.0,2,2.563282012939453,-1.4388494491577148,0.3765999972820282,11.899999618530273,4.0,-0.35588353872299194,-1.8944851160049438,0.1183599978685379,11.800000190734863,4.0
2.7359,1783622752.061145,FORWARD_PADDLE,UNKNOWN,0.506606,forward_paddle,FORWARD_PADDLE,5.0,1.0,0.4,1.5708,3.0,2,2.4835147857666016,-2.8537180423736572,-0.005379999987781048,12.0,4.0,-0.38196122646331787,-1.7266193628311157,-0.03765999898314476,11.899999618530273,4.0
2.7519,1783622752.077121,FORWARD_PADDLE,UNKNOWN,0.506606,forward_paddle,FORWARD_PADDLE,5.0,1.0,0.4,1.5708,3.0,2,2.4052817821502686,-3.860912561416626,0.1748500019311905,12.0,4.0,-0.401902973651886,-1.5827343463897705,0.1183599978685379,11.899999618530273,4.0
2.7679,1783622752.093137,FORWARD_PADDLE,UNKNOWN,0.506606,forward_paddle,FORWARD_PADDLE,5.0,1.0,0.4,1.5708,3.0,2,2.3209128379821777,-4.508394718170166,0.05110999941825867,12.0,4.0,-0.429514616727829,-1.5107918977737427,0.048420000821352005,11.899999618530273,4.0
2.7839,1783622752.109181,FORWARD_PADDLE,UNKNOWN,0.506606,forward_paddle,FORWARD_PADDLE,5.0,1.0,0.4,1.5708,3.0,2,2.2073984146118164,-5.035973072052002,0.026900000870227814,12.0,4.0,-0.4601942300796509,-1.5827343463897705,-0.048420000821352005,11.899999618530273,4.0
2.7999,1783622752.125157,FORWARD_PADDLE,UNKNOWN,0.506606,forward_paddle,FORWARD_PADDLE,5.0,1.0,0.4,1.5708,3.0,2,2.13836932182312,-5.323742866516113,0.02151999995112419,12.0,4.0,-0.47400006651878357,-1.5587536096572876,0.08607999980449677,11.899999618530273,4.0
2.816,1783622752.141206,FORWARD_PADDLE,UNKNOWN,0.506606,forward_paddle,FORWARD_PADDLE,5.0,1.0,0.4,1.5708,3.0,2,2.049398422241211,-5.539570331573486,0.02151999995112419,12.0,4.0,-0.49547579884529114,-1.4148685932159424,-0.029589999467134476,11.899999618530273,4.0
2.8319,1783622752.157155,FORWARD_PADDLE,UNKNOWN,0.506606,forward_paddle,FORWARD_PADDLE,5.0,1.0,0.4,1.5708,3.0,2,1.9588934183120728,-5.6594743728637695,0.01882999949157238,12.0,4.0,-0.5108156204223633,-1.2949644327163696,0.06187000125646591,11.899999618530273,4.0
2.8479,1783622752.17314,FORWARD_PADDLE,UNKNOWN,0.506606,forward_paddle,FORWARD_PADDLE,5.0,1.0,0.4,1.5708,3.0,2,1.842310905456543,-5.731416702270508,0.016140000894665718,12.0,4.0,-0.5353593230247498,-1.1750603914260864,0.0,11.899999618530273,4.0
2.8639,1783622752.189178,FORWARD_PADDLE,UNKNOWN,0.506606,forward_paddle,FORWARD_PADDLE,5.0,1.0,0.4,1.5708,3.0,2,1.7763497829437256,-5.755397796630859,0.016140000894665718,12.0,4.0,-0.5491651296615601,-1.151079535484314,-0.029589999467134476,11.899999618530273,4.0
2.8799,1783622752.205128,FORWARD_PADDLE,UNKNOWN,0.506606,forward_paddle,FORWARD_PADDLE,5.0,1.0,0.4,1.5708,3.0,2,1.682776927947998,-5.779378414154053,0.016140000894665718,12.0,4.0,-0.5629709362983704,-1.1031179428100586,0.03765999898314476,11.899999618530273,4.0
2.8959,1783622752.221163,FORWARD_PADDLE,UNKNOWN,0.506606,forward_paddle,FORWARD_PADDLE,5.0,1.0,0.4,1.5708,3.0,2,1.5707963705062866,-5.779378414154053,0.016140000894665718,12.0,4.0,-0.5798447132110596,-0.9352521300315857,-0.01882999949157238,11.899999618530273,4.0
2.9119,1783622752.237155,FORWARD_PADDLE,UNKNOWN,0.506606,forward_paddle,FORWARD_PADDLE,5.0,1.0,0.4,1.5708,3.0,2,1.5017671585083008,-5.803359508514404,0.016140000894665718,12.0,4.0,-0.5859806537628174,-0.8393288254737854,-0.024210000410676003,11.899999618530273,4.0
2.9279,1783622752.253109,FORWARD_PADDLE,UNKNOWN,0.506606,forward_paddle,FORWARD_PADDLE,5.0,1.0,0.4,1.5708,3.0,2,1.4112622737884521,-5.803359508514404,0.016140000894665718,12.0,4.0,-0.5905826091766357,-0.6714630722999573,-0.013450000435113907,11.899999618530273,4.0
2.944,1783622752.269215,FORWARD_PADDLE,UNKNOWN,0.506606,forward_paddle,FORWARD_PADDLE,5.0,1.0,0.4,1.5708,3.0,2,1.320757508277893,-5.803359508514404,0.016140000894665718,12.0,4.0,-0.5936505794525146,-0.455635666847229,-0.005379999987781048,11.899999618530273,4.0
2.9599,1783622752.285105,FORWARD_PADDLE,UNKNOWN,0.506606,forward_paddle,FORWARD_PADDLE,5.0,1.0,0.4,1.5708,3.0,2,1.2624661922454834,-5.803359508514404,0.016140000894665718,12.0,4.0,-0.5951845645904541,-0.33573153614997864,0.0,11.899999618530273,4.0
2.9759,1783622752.301149,FORWARD_PADDLE,UNKNOWN,0.506606,forward_paddle,FORWARD_PADDLE,5.0,1.0,0.4,1.5708,3.0,2,1.1704273223876953,-5.803359508514404,0.016140000894665718,12.0,4.0,-0.5936505794525146,-0.1918465942144394,0.0,11.899999618530273,4.0
2.9919,1783622752.317129,FORWARD_PADDLE,UNKNOWN,0.506606,forward_paddle,FORWARD_PADDLE,5.0,1.0,0.4,1.5708,3.0,2,1.0814564228057861,-5.803359508514404,0.016140000894665718,12.0,4.0,-0.5951845645904541,-0.0959232971072197,0.0,11.899999618530273,4.0
3.0078,1783622752.333076,FORWARD_PADDLE,UNKNOWN,0.506606,forward_paddle,FORWARD_PADDLE,5.0,1.0,0.4,1.5708,3.0,2,0.9909515976905823,-5.803359508514404,0.016140000894665718,12.0,4.0,-0.5951845645904541,-0.04796164855360985,0.0,11.899999618530273,4.0
3.0239,1783622752.349087,FORWARD_PADDLE,UNKNOWN,0.506606,forward_paddle,FORWARD_PADDLE,5.0,1.0,0.4,1.5708,3.0,2,0.8989127278327942,-5.803359508514404,0.016140000894665718,12.0,4.0,-0.5951845645904541,-0.0,0.0,11.899999618530273,4.0
3.0399,1783622752.365126,FORWARD_PADDLE,UNKNOWN,0.506606,forward_paddle,FORWARD_PADDLE,5.0,1.0,0.4,1.5708,3.0,2,0.7715923190116882,-5.779378414154053,0.013450000435113907,12.0,4.0,-0.5936505794525146,-0.0,0.0,11.899999618530273,4.0
3.0558,1783622752.381038,FORWARD_PADDLE,UNKNOWN,0.506606,forward_paddle,FORWARD_PADDLE,5.0,1.0,0.4,1.5708,3.0,2,0.7163690328598022,-5.779378414154053,0.013450000435113907,12.0,4.0,-0.5951845645904541,-0.0,0.0,11.899999618530273,4.0
3.0719,1783622752.39715,FORWARD_PADDLE,UNKNOWN,0.506606,forward_paddle,FORWARD_PADDLE,5.0,1.0,0.4,1.5708,3.0,2,0.5875146389007568,-5.731416702270508,0.016140000894665718,12.0,4.0,-0.5951845645904541,-0.0,0.0,11.899999618530273,4.0
3.088,1783622752.413219,FORWARD_PADDLE,UNKNOWN,0.506606,forward_paddle,FORWARD_PADDLE,5.0,1.0,0.4,1.5708,3.0,2,0.49547579884529114,-5.7074360847473145,0.016140000894665718,12.0,4.0,-0.5951845645904541,-0.0,0.0,11.899999618530273,4.0
3.1038,1783622752.429057,FORWARD_PADDLE,UNKNOWN,0.506606,forward_paddle,FORWARD_PADDLE,5.0,1.0,0.4,1.5708,3.0,2,0.44332045316696167,-5.683455467224121,0.016140000894665718,12.0,4.0,-0.5951845645904541,-0.0,0.0,11.899999618530273,4.0
3.1198,1783622752.445068,FORWARD_PADDLE,UNKNOWN,0.506606,forward_paddle,FORWARD_PADDLE,5.0,1.0,0.4,1.5708,3.0,2,0.3129320740699768,-5.6594743728637695,0.016140000894665718,12.0,4.0,-0.5951845645904541,-0.0,0.0,11.899999618530273,4.0
3.1361,1783622752.461299,FORWARD_PADDLE,UNKNOWN,0.506606,forward_paddle,FORWARD_PADDLE,5.0,1.0,0.4,1.5708,3.0,2,0.2208932340145111,-5.635493755340576,0.016140000894665718,12.0,4.0,-0.5951845645904541,-0.0,0.0,11.899999618530273,4.0
3.1519,1783622752.477146,FORWARD_PADDLE,UNKNOWN,0.506606,forward_paddle,FORWARD_PADDLE,5.0,1.0,0.4,1.5708,3.0,2,0.13038836419582367,-5.611512660980225,0.016140000894665718,12.0,4.0,-0.5936505794525146,-0.0,-0.20712999999523163,11.899999618530273,4.0
3.1678,1783622752.493005,FORWARD_PADDLE,UNKNOWN,0.506606,forward_paddle,FORWARD_PADDLE,5.0,1.0,0.4,1.5708,3.0,2,0.03988350182771683,-5.587532043457031,0.016140000894665718,12.0,4.0,-0.5767768025398254,0.14388494193553925,-0.09414999932050705,11.899999618530273,4.0
3.1838,1783622752.509035,FORWARD_PADDLE,UNKNOWN,0.506606,forward_paddle,FORWARD_PADDLE,5.0,1.0,0.4,1.5708,3.0,2,-0.05062136426568031,-5.56355094909668,0.016140000894665718,12.0,4.0,-0.5553010702133179,0.5995206236839294,0.002689999993890524,11.899999618530273,4.0
3.1998,1783622752.525046,FORWARD_PADDLE,UNKNOWN,0.506606,forward_paddle,FORWARD_PADDLE,5.0,1.0,0.4,1.5708,3.0,2,-0.1426602154970169,-5.539570331573486,0.016140000894665718,12.0,4.0,-0.5353593230247498,1.0071946382522583,-0.10760000348091125,11.899999618530273,4.0
3.2158,1783622752.541035,FORWARD_PADDLE,UNKNOWN,0.506606,forward_paddle,FORWARD_PADDLE,5.0,1.0,0.4,1.5708,3.0,2,-0.23316508531570435,-5.539570331573486,0.016140000894665718,12.0,4.0,-0.5154175162315369,1.1270986795425415,0.0,11.899999618530273,4.0
3.2318,1783622752.557045,FORWARD_PADDLE,UNKNOWN,0.506606,forward_paddle,FORWARD_PADDLE,5.0,1.0,0.4,1.5708,3.0,2,-0.32520392537117004,-5.56355094909668,0.016140000894665718,12.0,4.0,-0.5000777244567871,1.1270986795425415,-0.13449999690055847,11.899999618530273,4.0
3.2478,1783622752.572999,FORWARD_PADDLE,UNKNOWN,0.506606,forward_paddle,FORWARD_PADDLE,5.0,1.0,0.4,1.5708,3.0,2,-0.41724276542663574,-5.587532043457031,0.016140000894665718,12.0,4.0,-0.475534051656723,1.1270986795425415,-0.1049100011587143,11.899999618530273,4.0
3.2638,1783622752.589004,FORWARD_PADDLE,UNKNOWN,0.506606,forward_paddle,FORWARD_PADDLE,5.0,1.0,0.4,1.5708,3.0,2,-0.5092816352844238,-5.587532043457031,0.016140000894665718,12.0,4.0,-0.45099034905433655,1.2709836959838867,0.0,11.899999618530273,4.0
3.2797,1783622752.604983,FORWARD_PADDLE,UNKNOWN,0.506606,forward_paddle,FORWARD_PADDLE,5.0,1.0,0.4,1.5708,3.0,2,-0.598252534866333,-5.611512660980225,0.013450000435113907,12.0,4.0,-0.4325825870037079,1.39088773727417,-0.13718999922275543,11.899999618530273,4.0
3.2958,1783622752.621061,FORWARD_PADDLE,UNKNOWN,0.506606,forward_paddle,FORWARD_PADDLE,5.0,1.0,0.4,1.5708,3.0,2,-0.6902913451194763,-5.635493755340576,0.013450000435113907,12.0,4.0,-0.40650489926338196,1.39088773727417,0.0,11.899999618530273,4.0
3.3118,1783622752.63707,FORWARD_PADDLE,UNKNOWN,0.506606,forward_paddle,FORWARD_PADDLE,5.0,1.0,0.4,1.5708,3.0,2,-0.780796229839325,-5.6594743728637695,0.013450000435113907,12.0,4.0,-0.38656315207481384,1.4148685932159424,-0.153329998254776,11.899999618530273,4.0
3.328,1783622752.65326,FORWARD_PADDLE,UNKNOWN,0.506606,forward_paddle,FORWARD_PADDLE,5.0,1.0,0.4,1.5708,3.0,2,-0.8973787426948547,-5.7074360847473145,0.016140000894665718,12.0,4.0,-0.3497476279735565,1.4628303050994873,-0.04303999990224838,11.899999618530273,4.0
3.3438,1783622752.669046,FORWARD_PADDLE,UNKNOWN,0.506606,forward_paddle,FORWARD_PADDLE,5.0,1.0,0.4,1.5708,3.0,2,-0.9648739099502563,-5.731416702270508,0.016140000894665718,12.0,4.0,-0.32827189564704895,1.606715202331543,0.010759999975562096,11.899999618530273,4.0
3.3597,1783622752.684952,FORWARD_PADDLE,UNKNOWN,0.506606,forward_paddle,FORWARD_PADDLE,5.0,1.0,0.4,1.5708,3.0,2,-1.0799224376678467,-5.755397796630859,0.013450000435113907,12.0,4.0,-0.2960582971572876,1.7026385068893433,-0.07531999796628952,11.899999618530273,4.0
3.3758,1783622752.700993,FORWARD_PADDLE,UNKNOWN,0.506606,forward_paddle,FORWARD_PADDLE,5.0,1.0,0.4,1.5708,3.0,2,-1.1458836793899536,-5.755397796630859,0.013450000435113907,12.0,4.0,-0.2730485796928406,1.7026385068893433,0.010759999975562096,11.899999618530273,4.0
3.4079,1783622752.733103,FORWARD_PADDLE,UNKNOWN,0.506606,forward_paddle,FORWARD_PADDLE,5.0,1.0,0.4,1.5708,3.0,2,-1.2793400287628174,-5.803359508514404,0.010759999975562096,12.0,4.0,-0.23316508531570435,1.7026385068893433,-0.032280001789331436,11.899999618530273,4.0
3.424,1783622752.74919,FORWARD_PADDLE,UNKNOWN,0.506606,forward_paddle,FORWARD_PADDLE,5.0,1.0,0.4,1.5708,3.0,2,-1.4204661846160889,-5.851321220397949,0.013450000435113907,12.0,4.0,-0.19481556117534637,1.7266193628311157,0.02151999995112419,11.899999618530273,4.0
3.4401,1783622752.765314,FORWARD_PADDLE,UNKNOWN,0.506606,forward_paddle,FORWARD_PADDLE,5.0,1.0,0.4,1.5708,3.0,2,-1.5140390396118164,-5.851321220397949,0.008070000447332859,12.0,4.0,-0.17794176936149597,1.5107918977737427,-0.3281799852848053,11.800000190734863,4.0
3.4557,1783622752.780941,FORWARD_PADDLE,UNKNOWN,0.506606,forward_paddle,FORWARD_PADDLE,5.0,1.0,0.4,1.5708,3.0,2,-1.5677284002304077,-5.851321220397949,0.013450000435113907,12.0,4.0,-0.15493206679821014,1.4148685932159424,-0.045729998499155045,11.899999618530273,4.0
3.4719,1783622752.797154,FORWARD_PADDLE,UNKNOWN,0.506606,forward_paddle,FORWARD_PADDLE,5.0,1.0,0.4,1.5708,3.0,2,-1.6935148239135742,-5.851321220397949,0.013450000435113907,12.0,4.0,-0.10431069135665894,1.822542667388916,-0.13449999690055847,11.899999618530273,4.0
3.4878,1783622752.813051,FORWARD_PADDLE,UNKNOWN,0.506606,forward_paddle,FORWARD_PADDLE,5.0,1.0,0.4,1.5708,3.0,2,-1.7855536937713623,-5.851321220397949,0.016140000894665718,12.0,4.0,-0.06596117466688156,2.1103124618530273,0.04035000130534172,11.899999618530273,4.0
3.5037,1783622752.828962,FORWARD_PADDLE,UNKNOWN,0.506606,forward_paddle,FORWARD_PADDLE,5.0,1.0,0.4,1.5708,3.0,2,-1.839242935180664,-5.851321220397949,0.016140000894665718,12.0,4.0,-0.04908738657832146,2.1582741737365723,0.04035000130534172,11.899999618530273,4.0
3.5198,1783622752.845049,FORWARD_PADDLE,UNKNOWN,0.506606,forward_paddle,FORWARD_PADDLE,5.0,1.0,0.4,1.5708,3.0,2,-1.9680973291397095,-5.851321220397949,0.016140000894665718,12.0,4.0,0.004601942375302315,2.1342933177948,0.04303999990224838,11.899999618530273,4.0
3.5358,1783622752.861071,FORWARD_PADDLE,UNKNOWN,0.506606,forward_paddle,FORWARD_PADDLE,5.0,1.0,0.4,1.5708,3.0,2,-2.0586023330688477,-5.827340126037598,0.013450000435113907,12.0,4.0,0.03834952041506767,2.2302167415618896,-0.14257000386714935,11.899999618530273,4.0
3.5518,1783622752.877043,FORWARD_PADDLE,UNKNOWN,0.506606,forward_paddle,FORWARD_PADDLE,5.0,1.0,0.4,1.5708,3.0,2,-2.149106979370117,-5.827340126037598,0.016140000894665718,12.0,4.0,0.07516505569219589,2.254197359085083,0.0349700003862381,11.899999618530273,4.0
3.5681,1783622752.893298,FORWARD_PADDLE,UNKNOWN,0.506606,forward_paddle,FORWARD_PADDLE,5.0,1.0,0.4,1.5708,3.0,2,-2.2426798343658447,-5.827340126037598,0.013450000435113907,12.0,4.0,0.10431069135665894,2.1822550296783447,-0.15063999593257904,11.899999618530273,4.0
3.5838,1783622752.909005,FORWARD_PADDLE,UNKNOWN,0.506606,forward_paddle,FORWARD_PADDLE,5.0,1.0,0.4,1.5708,3.0,2,-2.297903299331665,-5.827340126037598,0.016140000894665718,12.0,4.0,0.12425244599580765,2.1103124618530273,-0.002689999993890524,11.899999618530273,4.0
3.6,1783622752.925192,FORWARD_PADDLE,UNKNOWN,0.506606,forward_paddle,FORWARD_PADDLE,5.0,1.0,0.4,1.5708,3.0,2,-2.3884081840515137,-5.803359508514404,0.016140000894665718,12.0,4.0,0.15186409652233124,2.0143892765045166,0.04035000130534172,11.899999618530273,4.0
3.6157,1783622752.94096,FORWARD_PADDLE,UNKNOWN,0.506606,forward_paddle,FORWARD_PADDLE,5.0,1.0,0.4,1.5708,3.0,2,-2.4804468154907227,-5.755397796630859,0.01882999949157238,12.0,4.0,0.18254370987415314,1.9184659719467163,0.0,11.899999618530273,4.0
3.6318,1783622752.957016,FORWARD_PADDLE,UNKNOWN,0.506606,forward_paddle,FORWARD_PADDLE,5.0,1.0,0.4,1.5708,3.0,2,-2.6093013286590576,-5.7074360847473145,-0.09684000164270401,12.0,4.0,0.2208932340145111,1.846523404121399,-0.13718999922275543,11.899999618530273,4.0
3.6478,1783622752.973009,FORWARD_PADDLE,UNKNOWN,0.506606,forward_paddle,FORWARD_PADDLE,5.0,1.0,0.4,1.5708,3.0,2,-2.6568546295166016,-5.635493755340576,-0.20443999767303467,12.100000381469727,4.0,0.23930099606513977,1.822542667388916,-0.002689999993890524,12.0,4.0
3.6638,1783622752.989036,FORWARD_PADDLE,UNKNOWN,0.506606,forward_paddle,FORWARD_PADDLE,5.0,1.0,0.4,1.5708,3.0,2,-2.7105441093444824,-4.748203277587891,-0.8365899920463562,11.899999618530273,4.0,0.27765053510665894,1.774580955505371,-0.16946999728679657,11.800000190734863,4.0
3.6799,1783622753.005105,FORWARD_PADDLE,UNKNOWN,0.506606,forward_paddle,FORWARD_PADDLE,5.0,1.0,0.4,1.5708,3.0,2,-2.6829323768615723,-3.7410085201263428,-0.17215999960899353,11.899999618530273,4.0,0.29759228229522705,1.774580955505371,-0.008070000447332859,11.800000190734863,4.0
3.6959,1783622753.021127,FORWARD_PADDLE,UNKNOWN,0.506606,forward_paddle,FORWARD_PADDLE,5.0,1.0,0.4,1.5708,3.0,2,-2.6292431354522705,-0.9592329859733582,0.1049100011587143,12.0,4.0,0.3298058807849884,1.822542667388916,0.04303999990224838,11.899999618530273,4.0
3.7119,1783622753.037163,FORWARD_PADDLE,UNKNOWN,0.506606,forward_paddle,FORWARD_PADDLE,5.0,1.0,0.4,1.5708,3.0,2,-2.524932384490967,2.422063112258911,0.005379999987781048,12.0,4.0,0.36968937516212463,1.846523404121399,0.032280001789331436,11.899999618530273,4.0
3.7278,1783622753.053074,FORWARD_PADDLE,UNKNOWN,0.506606,forward_paddle,FORWARD_PADDLE,5.0,1.0,0.4,1.5708,3.0,2,-2.446699380874634,3.7410085201263428,-0.18291999399662018,12.0,4.0,0.39269909262657166,1.7506000995635986,-0.11567000299692154,11.899999618530273,4.0
3.7441,1783622753.069292,FORWARD_PADDLE,UNKNOWN,0.506606,forward_paddle,FORWARD_PADDLE,5.0,1.0,0.4,1.5708,3.0,2,-2.362330436706543,4.484414100646973,-0.06187000125646591,12.0,4.0,0.41724276542663574,1.6306960582733154,0.01882999949157238,11.899999618530273,4.0
3.7599,1783622753.085115,FORWARD_PADDLE,UNKNOWN,0.506606,forward_paddle,FORWARD_PADDLE,5.0,1.0,0.4,1.5708,3.0,2,-2.2764275074005127,4.916069030761719,-0.06724999845027924,12.100000381469727,4.0,0.4387184977531433,1.5347727537155151,-0.09684000164270401,11.899999618530273,4.0
3.7759,1783622753.101153,FORWARD_PADDLE,UNKNOWN,0.506606,forward_paddle,FORWARD_PADDLE,5.0,1.0,0.4,1.5708,3.0,2,-2.185922622680664,5.275781154632568,-0.06456000357866287,12.100000381469727,4.0,0.46172821521759033,1.4388494491577148,0.02151999995112419,11.899999618530273,4.0
3.7918,1783622753.117079,FORWARD_PADDLE,UNKNOWN,0.506606,forward_paddle,FORWARD_PADDLE,5.0,1.0,0.4,1.5708,3.0,2,-2.0984857082366943,5.467628002166748,-0.05649000033736229,12.100000381469727,4.0,0.47860199213027954,1.366907000541687,-0.09145999699831009,11.899999618530273,4.0
3.8079,1783622753.133107,FORWARD_PADDLE,UNKNOWN,0.506606,forward_paddle,FORWARD_PADDLE,5.0,1.0,0.4,1.5708,3.0,2,-2.004912853240967,5.635493755340576,-0.05649000033736229,12.100000381469727,4.0,0.5016117095947266,1.2949644327163696,-0.045729998499155045,11.899999618530273,4.0
3.8239,1783622753.149105,FORWARD_PADDLE,UNKNOWN,0.506606,forward_paddle,FORWARD_PADDLE,5.0,1.0,0.4,1.5708,3.0,2,-1.9128739833831787,5.755397796630859,-0.05380000174045563,12.100000381469727,4.0,0.5230874419212341,1.2949644327163696,0.02151999995112419,11.899999618530273,4.0
3.8399,1783622753.165106,FORWARD_PADDLE,UNKNOWN,0.506606,forward_paddle,FORWARD_PADDLE,5.0,1.0,0.4,1.5708,3.0,2,-1.8208352327346802,5.803359508514404,-0.05110999941825867,12.100000381469727,4.0,0.5368932485580444,1.2709836959838867,-0.06456000357866287,11.899999618530273,4.0
3.8558,1783622753.181058,FORWARD_PADDLE,UNKNOWN,0.506606,forward_paddle,FORWARD_PADDLE,5.0,1.0,0.4,1.5708,3.0,2,-1.728796362876892,5.851321220397949,-0.05380000174045563,12.100000381469727,4.0,0.552233099937439,1.1270986795425415,0.010759999975562096,11.899999618530273,4.0
3.8718,1783622753.197083,FORWARD_PADDLE,UNKNOWN,0.506606,forward_paddle,FORWARD_PADDLE,5.0,1.0,0.4,1.5708,3.0,2,-1.6413594484329224,5.851321220397949,-0.05380000174045563,12.100000381469727,4.0,0.5645049214363098,0.9832137823104858,-0.05649000033736229,11.899999618530273,4.0
3.8878,1783622753.213033,FORWARD_PADDLE,UNKNOWN,0.506606,forward_paddle,FORWARD_PADDLE,5.0,1.0,0.4,1.5708,3.0,2,-1.5462526082992554,5.875301837921143,-0.05110999941825867,12.100000381469727,4.0,0.5783107280731201,0.8872904777526855,-0.02151999995112419,11.899999618530273,4.0
3.9039,1783622753.229156,FORWARD_PADDLE,UNKNOWN,0.506606,forward_paddle,FORWARD_PADDLE,5.0,1.0,0.4,1.5708,3.0,2,-1.4526797533035278,5.875301837921143,-0.05110999941825867,12.100000381469727,4.0,0.5905826091766357,0.8393288254737854,0.008070000447332859,11.899999618530273,4.0
3.9198,1783622753.245075,FORWARD_PADDLE,UNKNOWN,0.506606,forward_paddle,FORWARD_PADDLE,5.0,1.0,0.4,1.5708,3.0,2,-1.4005244970321655,5.875301837921143,-0.05110999941825867,12.100000381469727,4.0,0.5967185497283936,0.8153480291366577,0.010759999975562096,11.899999618530273,4.0
3.9359,1783622753.261099,FORWARD_PADDLE,UNKNOWN,0.506606,forward_paddle,FORWARD_PADDLE,5.0,1.0,0.4,1.5708,3.0,2,-1.3084856271743774,5.875301837921143,-0.05110999941825867,12.100000381469727,4.0,0.6028544306755066,0.695443868637085,0.002689999993890524,11.899999618530273,4.0
3.9518,1783622753.277049,FORWARD_PADDLE,UNKNOWN,0.506606,forward_paddle,FORWARD_PADDLE,5.0,1.0,0.4,1.5708,3.0,2,-1.1811652183532715,5.875301837921143,-0.05110999941825867,12.100000381469727,4.0,0.6059224009513855,0.40767401456832886,0.0,11.899999618530273,4.0
3.9678,1783622753.293055,FORWARD_PADDLE,UNKNOWN,0.506606,forward_paddle,FORWARD_PADDLE,5.0,1.0,0.4,1.5708,3.0,2,-1.0661166906356812,5.851321220397949,-0.05110999941825867,12.100000381469727,4.0,0.607456386089325,0.1918465942144394,0.0,11.899999618530273,4.0
3.9838,1783622753.30905,FORWARD_PADDLE,UNKNOWN,0.506606,forward_paddle,FORWARD_PADDLE,5.0,1.0,0.4,1.5708,3.0,2,-1.0001554489135742,5.851321220397949,-0.048420000821352005,12.100000381469727,4.0,0.607456386089325,0.11990412324666977,-0.005379999987781048,11.899999618530273,4.0
3.9998,1783622753.325046,FORWARD_PADDLE,UNKNOWN,0.506606,forward_paddle,FORWARD_PADDLE,5.0,1.0,0.4,1.5708,3.0,2,-0.9096506237983704,5.827340126037598,-0.05110999941825867,12.100000381469727,4.0,0.607456386089325,0.07194247096776962,-0.005379999987781048,11.899999618530273,4.0
4.0158,1783622753.34103,FORWARD_PADDLE,UNKNOWN,0.506606,forward_paddle,FORWARD_PADDLE,5.0,1.0,0.4,1.5708,3.0,2,-0.8176117539405823,5.803359508514404,-0.05380000174045563,12.100000381469727,4.0,0.607456386089325,0.023980824276804924,-0.005379999987781048,11.899999618530273,4.0
4.0318,1783622753.357065,FORWARD_PADDLE,UNKNOWN,0.506606,forward_paddle,FORWARD_PADDLE,5.0,1.0,0.4,1.5708,3.0,2,-0.7225049734115601,5.779378414154053,-0.05380000174045563,12.100000381469727,4.0,0.607456386089325,-0.0,-0.005379999987781048,11.899999618530273,4.0
4.0479,1783622753.373156,FORWARD_PADDLE,UNKNOWN,0.506606,forward_paddle,FORWARD_PADDLE,5.0,1.0,0.4,1.5708,3.0,2,-0.6320000886917114,5.731416702270508,-0.05110999941825867,12.100000381469727,4.0,0.607456386089325,-0.0,-0.005379999987781048,11.899999618530273,4.0
4.0638,1783622753.38908,FORWARD_PADDLE,UNKNOWN,0.506606,forward_paddle,FORWARD_PADDLE,5.0,1.0,0.4,1.5708,3.0,2,-0.5430291891098022,5.7074360847473145,-0.05110999941825867,12.100000381469727,4.0,0.607456386089325,-0.0,-0.008070000447332859,11.899999618530273,4.0
4.0799,1783622753.405094,FORWARD_PADDLE,UNKNOWN,0.506606,forward_paddle,FORWARD_PADDLE,5.0,1.0,0.4,1.5708,3.0,2,-0.45099034905433655,5.6594743728637695,-0.05380000174045563,12.100000381469727,4.0,0.607456386089325,-0.0,-0.005379999987781048,11.899999618530273,4.0
4.0959,1783622753.421147,FORWARD_PADDLE,UNKNOWN,0.506606,forward_paddle,FORWARD_PADDLE,5.0,1.0,0.4,1.5708,3.0,2,-0.35895150899887085,5.635493755340576,-0.05380000174045563,12.100000381469727,4.0,0.607456386089325,-0.0,-0.008070000447332859,12.0,4.0
4.1119,1783622753.437168,FORWARD_PADDLE,UNKNOWN,0.506606,forward_paddle,FORWARD_PADDLE,5.0,1.0,0.4,1.5708,3.0,2,-0.2991262674331665,5.611512660980225,-0.05380000174045563,12.100000381469727,4.0,0.607456386089325,-0.0,-0.005379999987781048,12.0,4.0
4.128,1783622753.453227,FORWARD_PADDLE,UNKNOWN,0.506606,forward_paddle,FORWARD_PADDLE,5.0,1.0,0.4,1.5708,3.0,2,-0.17947575449943542,5.587532043457031,-0.05380000174045563,12.100000381469727,4.0,0.604388415813446,-0.0,0.2152000069618225,11.899999618530273,4.0
4.1441,1783622753.469296,FORWARD_PADDLE,UNKNOWN,0.506606,forward_paddle,FORWARD_PADDLE,5.0,1.0,0.4,1.5708,3.0,2,-0.08743690699338913,5.587532043457031,-0.05649000033736229,12.100000381469727,4.0,0.5844466686248779,-0.21582742035388947,-0.008070000447332859,11.899999618530273,4.0
4.1599,1783622753.485094,FORWARD_PADDLE,UNKNOWN,0.506606,forward_paddle,FORWARD_PADDLE,5.0,1.0,0.4,1.5708,3.0,2,0.004601942375302315,5.56355094909668,-0.05380000174045563,12.100000381469727,4.0,0.5691068768501282,-0.6474822163581848,0.10221999883651733,11.899999618530273,4.0
4.1758,1783622753.501053,FORWARD_PADDLE,UNKNOWN,0.506606,forward_paddle,FORWARD_PADDLE,5.0,1.0,0.4,1.5708,3.0,2,0.0951068103313446,5.539570331573486,-0.05649000033736229,12.100000381469727,4.0,0.5476311445236206,-0.9352521300315857,-0.002689999993890524,11.899999618530273,4.0
4.1918,1783622753.517013,FORWARD_PADDLE,UNKNOWN,0.506606,forward_paddle,FORWARD_PADDLE,5.0,1.0,0.4,1.5708,3.0,2,0.1871456503868103,5.56355094909668,-0.05380000174045563,12.100000381469727,4.0,0.5338253378868103,-1.0551562309265137,0.1318099945783615,11.899999618530273,4.0
4.2238,1783622753.549057,FORWARD_PADDLE,UNKNOWN,0.506606,forward_paddle,FORWARD_PADDLE,5.0,1.0,0.4,1.5708,3.0,2,0.3206019699573517,5.56355094909668,-0.05380000174045563,12.100000381469727,4.0,0.5000777244567871,-1.1270986795425415,0.016140000894665718,11.899999618530273,4.0
4.2398,1783622753.565071,FORWARD_PADDLE,UNKNOWN,0.506606,forward_paddle,FORWARD_PADDLE,5.0,1.0,0.4,1.5708,3.0,2,0.4586602449417114,5.587532043457031,-0.05380000174045563,12.100000381469727,4.0,0.47400006651878357,-1.2709836959838867,-0.008070000447332859,11.899999618530273,4.0
4.2558,1783622753.581052,FORWARD_PADDLE,UNKNOWN,0.506606,forward_paddle,FORWARD_PADDLE,5.0,1.0,0.4,1.5708,3.0,2,0.5154175162315369,5.587532043457031,-0.05380000174045563,12.100000381469727,4.0,0.46786412596702576,-1.1990412473678589,0.0,11.899999618530273,4.0
4.2718,1783622753.597076,FORWARD_PADDLE,UNKNOWN,0.506606,forward_paddle,FORWARD_PADDLE,5.0,1.0,0.4,1.5708,3.0,2,0.6412039399147034,5.635493755340576,-0.05649000033736229,12.0,4.0,0.4325825870037079,-1.0551562309265137,0.0,11.899999618530273,4.0
4.2877,1783622753.6129,FORWARD_PADDLE,UNKNOWN,0.506606,forward_paddle,FORWARD_PADDLE,5.0,1.0,0.4,1.5708,3.0,2,0.699495255947113,5.635493755340576,-0.05649000033736229,12.0,4.0,0.4157087802886963,-1.2230219841003418,-0.026900000870227814,11.899999618530273,4.0
4.3039,1783622753.629144,FORWARD_PADDLE,UNKNOWN,0.506606,forward_paddle,FORWARD_PADDLE,5.0,1.0,0.4,1.5708,3.0,2,0.8252816796302795,5.6594743728637695,-0.05649000033736229,12.0,4.0,0.37582528591156006,-1.5827343463897705,-0.016140000894665718,11.899999618530273,4.0
4.3197,1783622753.644972,FORWARD_PADDLE,UNKNOWN,0.506606,forward_paddle,FORWARD_PADDLE,5.0,1.0,0.4,1.5708,3.0,2,0.9142525792121887,5.683455467224121,-0.05110999941825867,12.0,4.0,0.35281556844711304,-1.6546767950057983,0.16946999728679657,11.899999618530273,4.0
4.336,1783622753.661257,FORWARD_PADDLE,UNKNOWN,0.506606,forward_paddle,FORWARD_PADDLE,5.0,1.0,0.4,1.5708,3.0,2,0.9694758653640747,5.7074360847473145,-0.05380000174045563,12.0,4.0,0.3328738212585449,-1.6546767950057983,0.008070000447332859,11.899999618530273,4.0
4.3518,1783622753.677061,FORWARD_PADDLE,UNKNOWN,0.506606,forward_paddle,FORWARD_PADDLE,5.0,1.0,0.4,1.5708,3.0,2,1.101398229598999,5.731416702270508,-0.05110999941825867,12.0,4.0,0.29759228229522705,-1.6546767950057983,0.16140000522136688,11.899999618530273,4.0
4.3678,1783622753.693049,FORWARD_PADDLE,UNKNOWN,0.506606,forward_paddle,FORWARD_PADDLE,5.0,1.0,0.4,1.5708,3.0,2,1.1535536050796509,5.755397796630859,-0.05380000174045563,12.0,4.0,0.28071847558021545,-1.6546767950057983,0.005379999987781048,11.899999618530273,4.0
4.3839,1783622753.709141,FORWARD_PADDLE,UNKNOWN,0.506606,forward_paddle,FORWARD_PADDLE,5.0,1.0,0.4,1.5708,3.0,2,1.2793400287628174,5.779378414154053,-0.05380000174045563,12.0,4.0,0.23316508531570435,-1.822542667388916,-0.03765999898314476,11.899999618530273,4.0
4.3999,1783622753.725179,FORWARD_PADDLE,UNKNOWN,0.506606,forward_paddle,FORWARD_PADDLE,5.0,1.0,0.4,1.5708,3.0,2,1.371378779411316,5.803359508514404,-0.05110999941825867,12.0,4.0,0.2070874124765396,-1.9184659719467163,0.16946999728679657,11.800000190734863,4.0
4.4158,1783622753.741059,FORWARD_PADDLE,UNKNOWN,0.506606,forward_paddle,FORWARD_PADDLE,5.0,1.0,0.4,1.5708,3.0,2,1.4618836641311646,5.827340126037598,-0.05380000174045563,12.0,4.0,0.17487381398677826,-1.846523404121399,-0.029589999467134476,11.899999618530273,4.0
4.4319,1783622753.757132,FORWARD_PADDLE,UNKNOWN,0.506606,forward_paddle,FORWARD_PADDLE,5.0,1.0,0.4,1.5708,3.0,2,1.5186409950256348,5.827340126037598,-0.05380000174045563,12.0,4.0,0.1595340073108673,-1.822542667388916,-0.03765999898314476,11.899999618530273,4.0
4.4479,1783622753.773114,FORWARD_PADDLE,UNKNOWN,0.506606,forward_paddle,FORWARD_PADDLE,5.0,1.0,0.4,1.5708,3.0,2,1.6474953889846802,5.827340126037598,-0.05110999941825867,12.0,4.0,0.11351457983255386,-1.7985618114471436,0.09952999651432037,11.899999618530273,4.0
4.4639,1783622753.789143,FORWARD_PADDLE,UNKNOWN,0.506606,forward_paddle,FORWARD_PADDLE,5.0,1.0,0.4,1.5708,3.0,2,1.73493230342865,5.827340126037598,-0.05649000033736229,12.0,4.0,0.07669904083013535,-1.9664275646209717,-0.05110999941825867,11.899999618530273,4.0
4.4799,1783622753.805088,FORWARD_PADDLE,UNKNOWN,0.506606,forward_paddle,FORWARD_PADDLE,5.0,1.0,0.4,1.5708,3.0,2,1.826971173286438,5.827340126037598,-0.05380000174045563,12.0,4.0,0.04908738657832146,-2.086331605911255,0.16408999264240265,11.899999618530273,4.0
4.4958,1783622753.821036,FORWARD_PADDLE,UNKNOWN,0.506606,forward_paddle,FORWARD_PADDLE,5.0,1.0,0.4,1.5708,3.0,2,1.920543909072876,5.803359508514404,-0.05649000033736229,12.0,4.0,0.015339807607233524,-2.0143892765045166,-0.03765999898314476,11.899999618530273,4.0
4.5121,1783622753.837333,FORWARD_PADDLE,UNKNOWN,0.506606,forward_paddle,FORWARD_PADDLE,5.0,1.0,0.4,1.5708,3.0,2,1.9757672548294067,5.803359508514404,-0.05380000174045563,12.0,4.0,-0.0,-1.9664275646209717,0.013450000435113907,11.899999618530273,4.0
4.5278,1783622753.853032,FORWARD_PADDLE,UNKNOWN,0.506606,forward_paddle,FORWARD_PADDLE,5.0,1.0,0.4,1.5708,3.0,2,2.0693399906158447,5.779378414154053,-0.05649000033736229,12.0,4.0,-0.032213594764471054,-1.9184659719467163,0.024210000410676003,11.899999618530273,4.0
4.5438,1783622753.869037,FORWARD_PADDLE,UNKNOWN,0.506606,forward_paddle,FORWARD_PADDLE,5.0,1.0,0.4,1.5708,3.0,2,2.1905245780944824,5.731416702270508,-0.05649000033736229,12.0,4.0,-0.08283495903015137,-2.038370132446289,-0.06456000357866287,11.899999618530273,4.0
4.5598,1783622753.885073,FORWARD_PADDLE,UNKNOWN,0.506606,forward_paddle,FORWARD_PADDLE,5.0,1.0,0.4,1.5708,3.0,2,2.281029462814331,5.7074360847473145,-0.05380000174045563,12.0,4.0,-0.11044661700725555,-2.1103124618530273,0.15063999593257904,11.899999618530273,4.0
4.5758,1783622753.901017,FORWARD_PADDLE,UNKNOWN,0.506606,forward_paddle,FORWARD_PADDLE,5.0,1.0,0.4,1.5708,3.0,2,2.373068332672119,5.683455467224121,-0.05649000033736229,12.0,4.0,-0.1426602154970169,-1.9904084205627441,-0.04035000130534172,11.899999618530273,4.0
4.5919,1783622753.917141,FORWARD_PADDLE,UNKNOWN,0.506606,forward_paddle,FORWARD_PADDLE,5.0,1.0,0.4,1.5708,3.0,2,2.4635732173919678,5.6594743728637695,-0.05380000174045563,12.0,4.0,-0.1672039031982422,-1.8944851160049438,0.15871000289916992,11.899999618530273,4.0
4.6078,1783622753.93306,FORWARD_PADDLE,UNKNOWN,0.506606,forward_paddle,FORWARD_PADDLE,5.0,1.0,0.4,1.5708,3.0,2,2.555612087249756,5.635493755340576,-0.05649000033736229,12.0,4.0,-0.200951486825943,-1.822542667388916,0.08877000212669373,11.899999618530273,4.0
4.6238,1783622753.949032,FORWARD_PADDLE,UNKNOWN,0.506606,forward_paddle,FORWARD_PADDLE,5.0,1.0,0.4,1.5708,3.0,2,2.647650957107544,5.611512660980225,0.11028999835252762,12.100000381469727,4.0,-0.2377670258283615,-1.9424467086791992,-0.05649000033736229,12.0,4.0
4.6398,1783622753.965041,FORWARD_PADDLE,UNKNOWN,0.506606,forward_paddle,FORWARD_PADDLE,5.0,1.0,0.4,1.5708,3.0,2,2.709010124206543,5.395685195922852,0.7612699866294861,12.0,4.0,-0.26384469866752625,-1.9904084205627441,0.13449999690055847,11.899999618530273,4.0
4.6559,1783622753.981182,FORWARD_PADDLE,UNKNOWN,0.506606,forward_paddle,FORWARD_PADDLE,5.0,1.0,0.4,1.5708,3.0,2,2.6998062133789062,4.124701499938965,0.06187000125646591,12.0,4.0,-0.2929903268814087,-1.8705042600631714,-0.04035000130534172,11.899999618530273,4.0
4.6718,1783622753.997011,FORWARD_PADDLE,UNKNOWN,0.506606,forward_paddle,FORWARD_PADDLE,5.0,1.0,0.4,1.5708,3.0,2,2.6706604957580566,1.7266193628311157,0.5622100234031677,11.800000190734863,4.0,-0.3160000443458557,-1.7506000995635986,0.12374000251293182,11.800000190734863,4.0
4.6879,1783622754.013115,FORWARD_PADDLE,UNKNOWN,0.506606,forward_paddle,FORWARD_PADDLE,5.0,1.0,0.4,1.5708,3.0,2,2.600097417831421,-0.5995206236839294,0.1452600061893463,12.0,4.0,-0.34514567255973816,-1.6786576509475708,0.0699400007724762,11.800000190734863,4.0
4.7038,1783622754.029042,FORWARD_PADDLE,UNKNOWN,0.506606,forward_paddle,FORWARD_PADDLE,5.0,1.0,0.4,1.5708,3.0,2,2.512660503387451,-2.637890577316284,-0.016140000894665718,12.0,4.0,-0.3742913007736206,-1.7266193628311157,-0.048420000821352005,11.899999618530273,4.0
4.7199,1783622754.045105,FORWARD_PADDLE,UNKNOWN,0.506606,forward_paddle,FORWARD_PADDLE,5.0,1.0,0.4,1.5708,3.0,2,2.409883737564087,-4.340528964996338,0.1049100011587143,12.0,4.0,-0.40343695878982544,-1.7026385068893433,0.04035000130534172,11.899999618530273,4.0
4.7359,1783622754.061096,FORWARD_PADDLE,UNKNOWN,0.506606,forward_paddle,FORWARD_PADDLE,5.0,1.0,0.4,1.5708,3.0,2,2.348524570465088,-4.676260471343994,0.048420000821352005,12.0,4.0,-0.4218447208404541,-1.606715202331543,-0.029589999467134476,11.899999618530273,4.0
4.7518,1783622754.077029,FORWARD_PADDLE,UNKNOWN,0.506606,forward_paddle,FORWARD_PADDLE,5.0,1.0,0.4,1.5708,3.0,2,2.2380778789520264,-5.083934783935547,0.05649000033736229,12.100000381469727,4.0,-0.4448544383049011,-1.4628303050994873,0.06456000357866287,11.899999618530273,4.0
4.7678,1783622754.09304,FORWARD_PADDLE,UNKNOWN,0.506606,forward_paddle,FORWARD_PADDLE,5.0,1.0,0.4,1.5708,3.0,2,2.1705827713012695,-5.275781154632568,0.032280001789331436,12.100000381469727,4.0,-0.4632622003555298,-1.39088773727417,0.05110999941825867,11.899999618530273,4.0
4.7838,1783622754.109025,FORWARD_PADDLE,UNKNOWN,0.506606,forward_paddle,FORWARD_PADDLE,5.0,1.0,0.4,1.5708,3.0,2,2.0816118717193604,-5.4436469078063965,0.026900000870227814,12.100000381469727,4.0,-0.48780590295791626,-1.4148685932159424,-0.04035000130534172,11.899999618530273,4.0
4.7998,1783622754.125077,FORWARD_PADDLE,UNKNOWN,0.506606,forward_paddle,FORWARD_PADDLE,5.0,1.0,0.4,1.5708,3.0,2,1.9911071062088013,-5.56355094909668,0.02151999995112419,12.100000381469727,4.0,-0.5046796798706055,-1.4148685932159424,0.06187000125646591,11.899999618530273,4.0
4.8158,1783622754.141035,FORWARD_PADDLE,UNKNOWN,0.506606,forward_paddle,FORWARD_PADDLE,5.0,1.0,0.4,1.5708,3.0,2,1.902136206626892,-5.683455467224121,0.02151999995112419,12.100000381469727,4.0,-0.5246214270591736,-1.2949644327163696,-0.026900000870227814,11.899999618530273,4.0
4.8318,1783622754.157008,FORWARD_PADDLE,UNKNOWN,0.506606,forward_paddle,FORWARD_PADDLE,5.0,1.0,0.4,1.5708,3.0,2,1.810097336769104,-5.731416702270508,0.01882999949157238,12.100000381469727,4.0,-0.5384272336959839,-1.151079535484314,0.05917999893426895,11.899999618530273,4.0
4.8478,1783622754.173011,FORWARD_PADDLE,UNKNOWN,0.506606,forward_paddle,FORWARD_PADDLE,5.0,1.0,0.4,1.5708,3.0,2,1.7165244817733765,-5.731416702270508,0.01882999949157238,12.100000381469727,4.0,-0.5553010702133179,-1.0311753749847412,-0.02151999995112419,11.899999618530273,4.0
4.8638,1783622754.189026,FORWARD_PADDLE,UNKNOWN,0.506606,forward_paddle,FORWARD_PADDLE,5.0,1.0,0.4,1.5708,3.0,2,1.6260195970535278,-5.755397796630859,0.01882999949157238,12.100000381469727,4.0,-0.5691068768501282,-0.9352521300315857,0.06187000125646591,11.899999618530273,4.0
4.8798,1783622754.205042,FORWARD_PADDLE,UNKNOWN,0.506606,forward_paddle,FORWARD_PADDLE,5.0,1.0,0.4,1.5708,3.0,2,1.5355147123336792,-5.803359508514404,0.016140000894665718,12.100000381469727,4.0,-0.5829126834869385,-0.8872904777526855,-0.016140000894665718,11.899999618530273,4.0
4.8958,1783622754.221064,FORWARD_PADDLE,UNKNOWN,0.506606,forward_paddle,FORWARD_PADDLE,5.0,1.0,0.4,1.5708,3.0,2,1.4450099468231201,-5.803359508514404,0.016140000894665718,12.100000381469727,4.0,-0.5921165943145752,-0.8393288254737854,-0.02151999995112419,11.899999618530273,4.0
4.9118,1783622754.237028,FORWARD_PADDLE,UNKNOWN,0.506606,forward_paddle,FORWARD_PADDLE,5.0,1.0,0.4,1.5708,3.0,2,1.3545050621032715,-5.803359508514404,0.016140000894665718,12.100000381469727,4.0,-0.5997864603996277,-0.7194247245788574,-0.013450000435113907,11.899999618530273,4.0
4.9278,1783622754.253059,FORWARD_PADDLE,UNKNOWN,0.506606,forward_paddle,FORWARD_PADDLE,5.0,1.0,0.4,1.5708,3.0,2,1.2394565343856812,-5.827340126037598,0.016140000894665718,12.100000381469727,4.0,-0.6028544306755066,-0.455635666847229,0.0,12.0,4.0
4.9438,1783622754.268995,FORWARD_PADDLE,UNKNOWN,0.506606,forward_paddle,FORWARD_PADDLE,5.0,1.0,0.4,1.5708,3.0,2,1.1704273223876953,-5.827340126037598,0.013450000435113907,12.100000381469727,4.0,-0.6028544306755066,-0.31175071001052856,0.0,12.0,4.0
4.9598,1783622754.285011,FORWARD_PADDLE,UNKNOWN,0.506606,forward_paddle,FORWARD_PADDLE,5.0,1.0,0.4,1.5708,3.0,2,1.0799224376678467,-5.803359508514404,0.016140000894665718,12.100000381469727,4.0,-0.604388415813446,-0.16786576807498932,-0.002689999993890524,12.0,4.0
4.9758,1783622754.30101,FORWARD_PADDLE,UNKNOWN,0.506606,forward_paddle,FORWARD_PADDLE,5.0,1.0,0.4,1.5708,3.0,2,0.9878836274147034,-5.803359508514404,0.016140000894665718,12.100000381469727,4.0,-0.604388415813446,-0.0959232971072197,0.0,12.0,4.0
4.9918,1783622754.317058,FORWARD_PADDLE,UNKNOWN,0.506606,forward_paddle,FORWARD_PADDLE,5.0,1.0,0.4,1.5708,3.0,2,0.8958447575569153,-5.803359508514404,0.016140000894665718,12.100000381469727,4.0,-0.604388415813446,-0.04796164855360985,0.0,12.0,4.0
5.0078,1783622754.332995,FORWARD_PADDLE,UNKNOWN,0.506606,forward_paddle,FORWARD_PADDLE,5.0,1.0,0.4,1.5708,3.0,2,0.8053399324417114,-5.803359508514404,0.016140000894665718,12.100000381469727,4.0,-0.604388415813446,-0.0,0.0,12.0,4.0
5.0398,1783622754.365046,FORWARD_PADDLE,UNKNOWN,0.506606,forward_paddle,FORWARD_PADDLE,5.0,1.0,0.4,1.5708,3.0,2,0.6718835830688477,-5.755397796630859,0.016140000894665718,12.100000381469727,4.0,-0.604388415813446,-0.0,0.0,12.0,4.0
5.0558,1783622754.381001,FORWARD_PADDLE,UNKNOWN,0.506606,forward_paddle,FORWARD_PADDLE,5.0,1.0,0.4,1.5708,3.0,2,0.5307573676109314,-5.7074360847473145,0.016140000894665718,12.100000381469727,4.0,-0.604388415813446,-0.0,0.0,12.0,4.0
5.0718,1783622754.396997,FORWARD_PADDLE,UNKNOWN,0.506606,forward_paddle,FORWARD_PADDLE,5.0,1.0,0.4,1.5708,3.0,2,0.44025248289108276,-5.683455467224121,0.013450000435113907,12.100000381469727,4.0,-0.604388415813446,-0.0,0.0,12.0,4.0
5.0878,1783622754.412993,FORWARD_PADDLE,UNKNOWN,0.506606,forward_paddle,FORWARD_PADDLE,5.0,1.0,0.4,1.5708,3.0,2,0.3466796576976776,-5.683455467224121,0.010759999975562096,12.100000381469727,4.0,-0.604388415813446,-0.0,0.0,12.0,4.0
5.1038,1783622754.428997,FORWARD_PADDLE,UNKNOWN,0.506606,forward_paddle,FORWARD_PADDLE,5.0,1.0,0.4,1.5708,3.0,2,0.25617480278015137,-5.6594743728637695,0.013450000435113907,12.100000381469727,4.0,-0.604388415813446,-0.0,0.0,12.0,4.0
5.1198,1783622754.445034,FORWARD_PADDLE,UNKNOWN,0.506606,forward_paddle,FORWARD_PADDLE,5.0,1.0,0.4,1.5708,3.0,2,0.16566991806030273,-5.635493755340576,0.013450000435113907,12.100000381469727,4.0,-0.6013204455375671,-0.0,-0.2232699990272522,12.0,4.0
5.1358,1783622754.461025,FORWARD_PADDLE,UNKNOWN,0.506606,forward_paddle,FORWARD_PADDLE,5.0,1.0,0.4,1.5708,3.0,2,0.07363107800483704,-5.611512660980225,0.013450000435113907,12.100000381469727,4.0,-0.5844466686248779,0.1918465942144394,-0.010759999975562096,12.0,4.0
5.1518,1783622754.477013,FORWARD_PADDLE,UNKNOWN,0.506606,forward_paddle,FORWARD_PADDLE,5.0,1.0,0.4,1.5708,3.0,2,-0.016873788088560104,-5.587532043457031,0.016140000894665718,12.100000381469727,4.0,-0.5645049214363098,0.6235014200210571,-0.09684000164270401,11.899999618530273,4.0
5.1678,1783622754.493054,FORWARD_PADDLE,UNKNOWN,0.506606,forward_paddle,FORWARD_PADDLE,5.0,1.0,0.4,1.5708,3.0,2,-0.10737865418195724,-5.56355094909668,0.016140000894665718,12.100000381469727,4.0,-0.5445631742477417,0.9832137823104858,-0.08070000261068344,11.899999618530273,4.0
5.1838,1783622754.508994,FORWARD_PADDLE,UNKNOWN,0.506606,forward_paddle,FORWARD_PADDLE,5.0,1.0,0.4,1.5708,3.0,2,-0.19941750168800354,-5.539570331573486,0.01882999949157238,12.100000381469727,4.0,-0.5215534567832947,1.1750603914260864,0.0,11.899999618530273,4.0
5.1998,1783622754.525009,FORWARD_PADDLE,UNKNOWN,0.506606,forward_paddle,FORWARD_PADDLE,5.0,1.0,0.4,1.5708,3.0,2,-0.29145634174346924,-5.539570331573486,0.016140000894665718,12.100000381469727,4.0,-0.5046796798706055,1.2230219841003418,-0.13449999690055847,11.899999618530273,4.0
5.2158,1783622754.54099,FORWARD_PADDLE,UNKNOWN,0.506606,forward_paddle,FORWARD_PADDLE,5.0,1.0,0.4,1.5708,3.0,2,-0.3850291669368744,-5.56355094909668,0.016140000894665718,12.100000381469727,4.0,-0.4832039475440979,1.1990412473678589,0.0,11.899999618530273,4.0
5.2318,1783622754.557034,FORWARD_PADDLE,UNKNOWN,0.506606,forward_paddle,FORWARD_PADDLE,5.0,1.0,0.4,1.5708,3.0,2,-0.4770680367946625,-5.587532043457031,0.010759999975562096,12.100000381469727,4.0,-0.4663301706314087,1.1750603914260864,-0.15602000057697296,11.899999618530273,4.0
5.2477,1783622754.572951,FORWARD_PADDLE,UNKNOWN,0.506606,forward_paddle,FORWARD_PADDLE,5.0,1.0,0.4,1.5708,3.0,2,-0.5660389065742493,-5.611512660980225,0.016140000894665718,12.100000381469727,4.0,-0.4417864680290222,1.2230219841003418,0.0,11.899999618530273,4.0
5.2637,1783622754.588968,FORWARD_PADDLE,UNKNOWN,0.506606,forward_paddle,FORWARD_PADDLE,5.0,1.0,0.4,1.5708,3.0,2,-0.6580777764320374,-5.635493755340576,0.010759999975562096,12.100000381469727,4.0,-0.4218447208404541,1.2949644327163696,-0.20443999767303467,11.899999618530273,4.0
5.2798,1783622754.605066,FORWARD_PADDLE,UNKNOWN,0.506606,forward_paddle,FORWARD_PADDLE,5.0,1.0,0.4,1.5708,3.0,2,-0.7117670774459839,-5.6594743728637695,0.013450000435113907,12.100000381469727,4.0,-0.40343695878982544,1.366907000541687,-0.026900000870227814,11.899999618530273,4.0
5.2957,1783622754.620981,FORWARD_PADDLE,UNKNOWN,0.506606,forward_paddle,FORWARD_PADDLE,5.0,1.0,0.4,1.5708,3.0,2,-0.8406214714050293,-5.683455467224121,0.013450000435113907,12.100000381469727,4.0,-0.3635534346103668,1.606715202331543,-0.14794999361038208,11.899999618530273,4.0
5.3118,1783622754.636987,FORWARD_PADDLE,UNKNOWN,0.506606,forward_paddle,FORWARD_PADDLE,5.0,1.0,0.4,1.5708,3.0,2,-0.9326603412628174,-5.7074360847473145,0.016140000894665718,12.100000381469727,4.0,-0.3344078063964844,1.7026385068893433,0.013450000435113907,11.899999618530273,4.0
5.3278,1783622754.653073,FORWARD_PADDLE,UNKNOWN,0.506606,forward_paddle,FORWARD_PADDLE,5.0,1.0,0.4,1.5708,3.0,2,-1.023165225982666,-5.731416702270508,0.013450000435113907,12.100000381469727,4.0,-0.31139808893203735,1.7266193628311157,-0.15871000289916992,11.899999618530273,4.0
5.3438,1783622754.668996,FORWARD_PADDLE,UNKNOWN,0.506606,forward_paddle,FORWARD_PADDLE,5.0,1.0,0.4,1.5708,3.0,2,-1.1152039766311646,-5.755397796630859,0.016140000894665718,12.100000381469727,4.0,-0.28071847558021545,1.6786576509475708,0.010759999975562096,11.899999618530273,4.0
5.3598,1783622754.685018,FORWARD_PADDLE,UNKNOWN,0.506606,forward_paddle,FORWARD_PADDLE,5.0,1.0,0.4,1.5708,3.0,2,-1.2057088613510132,-5.779378414154053,0.013450000435113907,12.100000381469727,4.0,-0.25617480278015137,1.6786576509475708,-0.16946999728679657,11.899999618530273,4.0
5.3757,1783622754.700946,FORWARD_PADDLE,UNKNOWN,0.506606,forward_paddle,FORWARD_PADDLE,5.0,1.0,0.4,1.5708,3.0,2,-1.2977477312088013,-5.803359508514404,0.016140000894665718,12.100000381469727,4.0,-0.22549517452716827,1.7026385068893433,0.010759999975562096,11.899999618530273,4.0
5.3918,1783622754.717012,FORWARD_PADDLE,UNKNOWN,0.506606,forward_paddle,FORWARD_PADDLE,5.0,1.0,0.4,1.5708,3.0,2,-1.38825261592865,-5.827340126037598,0.013450000435113907,12.100000381469727,4.0,-0.200951486825943,1.7026385068893433,-0.1748500019311905,11.899999618530273,4.0
5.4077,1783622754.732939,FORWARD_PADDLE,UNKNOWN,0.506606,forward_paddle,FORWARD_PADDLE,5.0,1.0,0.4,1.5708,3.0,2,-1.4787575006484985,-5.827340126037598,0.016140000894665718,12.100000381469727,4.0,-0.16873788833618164,1.7266193628311157,0.010759999975562096,11.899999618530273,4.0
5.4237,1783622754.748966,FORWARD_PADDLE,UNKNOWN,0.506606,forward_paddle,FORWARD_PADDLE,5.0,1.0,0.4,1.5708,3.0,2,-1.5707963705062866,-5.851321220397949,0.013450000435113907,12.0,4.0,-0.1426602154970169,1.7506000995635986,-0.23940999805927277,11.899999618530273,4.0
5.4397,1783622754.764975,FORWARD_PADDLE,UNKNOWN,0.506606,forward_paddle,FORWARD_PADDLE,5.0,1.0,0.4,1.5708,3.0,2,-1.6613011360168457,-5.851321220397949,0.016140000894665718,12.0,4.0,-0.10277671366930008,1.8705042600631714,0.032280001789331436,11.899999618530273,4.0
5.4557,1783622754.780946,FORWARD_PADDLE,UNKNOWN,0.506606,forward_paddle,FORWARD_PADDLE,5.0,1.0,0.4,1.5708,3.0,2,-1.7518060207366943,-5.851321220397949,0.013450000435113907,12.0,4.0,-0.06902913749217987,2.0623507499694824,-0.153329998254776,11.899999618530273,4.0
5.4717,1783622754.79695,FORWARD_PADDLE,UNKNOWN,0.506606,forward_paddle,FORWARD_PADDLE,5.0,1.0,0.4,1.5708,3.0,2,-1.8438448905944824,-5.851321220397949,0.016140000894665718,12.0,4.0,-0.03374757617712021,2.1342933177948,0.029589999467134476,11.899999618530273,4.0
5.4878,1783622754.813049,FORWARD_PADDLE,UNKNOWN,0.506606,forward_paddle,FORWARD_PADDLE,5.0,1.0,0.4,1.5708,3.0,2,-1.9358837604522705,-5.851321220397949,0.013450000435113907,12.0,4.0,-0.004601942375302315,2.086331605911255,-0.16946999728679657,11.899999618530273,4.0
5.5038,1783622754.829009,FORWARD_PADDLE,UNKNOWN,0.506606,forward_paddle,FORWARD_PADDLE,5.0,1.0,0.4,1.5708,3.0,2,-2.0248546600341797,-5.827340126037598,0.016140000894665718,12.0,4.0,0.029145635664463043,2.038370132446289,0.026900000870227814,11.899999618530273,4.0
5.5197,1783622754.844923,FORWARD_PADDLE,UNKNOWN,0.506606,forward_paddle,FORWARD_PADDLE,5.0,1.0,0.4,1.5708,3.0,2,-2.0846798419952393,-5.827340126037598,0.016140000894665718,12.0,4.0,0.04601942375302315,1.9904084205627441,0.032280001789331436,11.899999618530273,4.0
5.5358,1783622754.861039,FORWARD_PADDLE,UNKNOWN,0.506606,forward_paddle,FORWARD_PADDLE,5.0,1.0,0.4,1.5708,3.0,2,-2.208932399749756,-5.827340126037598,0.016140000894665718,12.0,4.0,0.08897088468074799,1.9424467086791992,0.02151999995112419,11.899999618530273,4.0
5.5519,1783622754.877144,FORWARD_PADDLE,UNKNOWN,0.506606,forward_paddle,FORWARD_PADDLE,5.0,1.0,0.4,1.5708,3.0,2,-2.3025052547454834,-5.827340126037598,0.016140000894665718,12.0,4.0,0.11658254265785217,1.9184659719467163,-0.153329998254776,11.899999618530273,4.0
5.5678,1783622754.893048,FORWARD_PADDLE,UNKNOWN,0.506606,forward_paddle,FORWARD_PADDLE,5.0,1.0,0.4,1.5708,3.0,2,-2.4144856929779053,-5.803359508514404,0.016140000894665718,12.0,4.0,0.16106797754764557,1.8944851160049438,-0.026900000870227814,11.899999618530273,4.0
5.5837,1783622754.908979,FORWARD_PADDLE,UNKNOWN,0.506606,forward_paddle,FORWARD_PADDLE,5.0,1.0,0.4,1.5708,3.0,2,-2.4835147857666016,-5.755397796630859,0.016140000894665718,12.0,4.0,0.1871456503868103,1.9904084205627441,0.04035000130534172,11.899999618530273,4.0
5.5998,1783622754.925022,FORWARD_PADDLE,UNKNOWN,0.506606,forward_paddle,FORWARD_PADDLE,5.0,1.0,0.4,1.5708,3.0,2,-2.5755536556243896,-5.731416702270508,0.013450000435113907,12.0,4.0,0.21322332322597504,2.038370132446289,-0.13718999922275543,11.899999618530273,4.0
5.6158,1783622754.941014,FORWARD_PADDLE,UNKNOWN,0.506606,forward_paddle,FORWARD_PADDLE,5.0,1.0,0.4,1.5708,3.0,2,-2.664524555206299,-5.6594743728637695,-0.19637000560760498,12.100000381469727,4.0,0.2454369217157364,1.9424467086791992,0.026900000870227814,12.0,4.0
5.6318,1783622754.957014,FORWARD_PADDLE,UNKNOWN,0.506606,forward_paddle,FORWARD_PADDLE,5.0,1.0,0.4,1.5708,3.0,2,-2.7136120796203613,-5.275781154632568,-0.7263000011444092,12.0,4.0,0.2684466242790222,1.822542667388916,-0.1398800015449524,11.899999618530273,4.0
5.6477,1783622754.972934,FORWARD_PADDLE,UNKNOWN,0.506606,forward_paddle,FORWARD_PADDLE,5.0,1.0,0.4,1.5708,3.0,2,-2.6875343322753906,-3.693046808242798,-0.45730000734329224,11.800000190734863,4.0,0.2991262674331665,1.7266193628311157,-0.08607999980449677,11.800000190734863,4.0
5.6637,1783622754.988909,FORWARD_PADDLE,UNKNOWN,0.506606,forward_paddle,FORWARD_PADDLE,5.0,1.0,0.4,1.5708,3.0,2,-2.607767343521118,-0.023980824276804924,0.1183599978685379,12.100000381469727,4.0,0.3374757766723633,1.822542667388916,0.03765999898314476,11.899999618530273,4.0
5.6798,1783622755.005001,FORWARD_PADDLE,UNKNOWN,0.506606,forward_paddle,FORWARD_PADDLE,5.0,1.0,0.4,1.5708,3.0,2,-2.5648157596588135,1.7506000995635986,-0.3416300117969513,12.0,4.0,0.3543495535850525,1.822542667388916,-0.1183599978685379,11.800000190734863,4.0
5.6958,1783622755.02102,FORWARD_PADDLE,UNKNOWN,0.506606,forward_paddle,FORWARD_PADDLE,5.0,1.0,0.4,1.5708,3.0,2,-2.481980800628662,3.117507219314575,0.002689999993890524,12.0,4.0,0.38196122646331787,1.7026385068893433,0.01882999949157238,11.899999618530273,4.0
5.7117,1783622755.03698,FORWARD_PADDLE,UNKNOWN,0.506606,forward_paddle,FORWARD_PADDLE,5.0,1.0,0.4,1.5708,3.0,2,-2.406815767288208,4.028778553009033,-0.1802300065755844,12.0,4.0,0.401902973651886,1.5827343463897705,-0.11298000067472458,11.899999618530273,4.0
5.7278,1783622755.05299,FORWARD_PADDLE,UNKNOWN,0.506606,forward_paddle,FORWARD_PADDLE,5.0,1.0,0.4,1.5708,3.0,2,-2.322446823120117,4.604318141937256,-0.06456000357866287,12.0,4.0,0.4264466464519501,1.4868110418319702,0.01882999949157238,11.899999618530273,4.0
5.7438,1783622755.068995,FORWARD_PADDLE,UNKNOWN,0.506606,forward_paddle,FORWARD_PADDLE,5.0,1.0,0.4,1.5708,3.0,2,-2.2120003700256348,5.059953689575195,-0.06456000357866287,12.0,4.0,0.45405831933021545,1.4148685932159424,-0.06456000357866287,11.899999618530273,4.0
5.7597,1783622755.08497,FORWARD_PADDLE,UNKNOWN,0.506606,forward_paddle,FORWARD_PADDLE,5.0,1.0,0.4,1.5708,3.0,2,-2.144505023956299,5.29976224899292,-0.06456000357866287,12.0,4.0,0.47400006651878357,1.4388494491577148,0.01882999949157238,11.899999618530273,4.0
5.7758,1783622755.100991,FORWARD_PADDLE,UNKNOWN,0.506606,forward_paddle,FORWARD_PADDLE,5.0,1.0,0.4,1.5708,3.0,2,-2.0309906005859375,5.539570331573486,-0.05917999893426895,12.0,4.0,0.5000777244567871,1.4628303050994873,-0.02151999995112419,11.899999618530273,4.0
5.7918,1783622755.117005,FORWARD_PADDLE,UNKNOWN,0.506606,forward_paddle,FORWARD_PADDLE,5.0,1.0,0.4,1.5708,3.0,2,-1.9634953737258911,5.6594743728637695,-0.05649000033736229,12.0,4.0,0.5154175162315369,1.4148685932159424,0.016140000894665718,11.899999618530273,4.0
5.8077,1783622755.132984,FORWARD_PADDLE,UNKNOWN,0.506606,forward_paddle,FORWARD_PADDLE,5.0,1.0,0.4,1.5708,3.0,2,-1.8729904890060425,5.755397796630859,-0.05110999941825867,12.0,4.0,0.5322913527488708,1.2949644327163696,-0.06724999845027924,11.899999618530273,4.0
5.8238,1783622755.149051,FORWARD_PADDLE,UNKNOWN,0.506606,forward_paddle,FORWARD_PADDLE,5.0,1.0,0.4,1.5708,3.0,2,-1.777883768081665,5.827340126037598,-0.05380000174045563,12.0,4.0,0.5491651296615601,1.151079535484314,0.013450000435113907,11.899999618530273,4.0
5.8558,1783622755.181033,FORWARD_PADDLE,UNKNOWN,0.506606,forward_paddle,FORWARD_PADDLE,5.0,1.0,0.4,1.5708,3.0,2,-1.6490293741226196,5.851321220397949,-0.05380000174045563,12.0,4.0,0.5675728917121887,0.9832137823104858,-0.002689999993890524,11.899999618530273,4.0
5.8717,1783622755.196953,FORWARD_PADDLE,UNKNOWN,0.506606,forward_paddle,FORWARD_PADDLE,5.0,1.0,0.4,1.5708,3.0,2,-1.5063691139221191,5.875301837921143,-0.05380000174045563,12.0,4.0,0.5844466686248779,0.8153480291366577,0.010759999975562096,11.899999618530273,4.0
5.8878,1783622755.212999,FORWARD_PADDLE,UNKNOWN,0.506606,forward_paddle,FORWARD_PADDLE,5.0,1.0,0.4,1.5708,3.0,2,-1.414330244064331,5.875301837921143,-0.05110999941825867,12.0,4.0,0.5905826091766357,0.6714630722999573,-0.07263000309467316,11.899999618530273,4.0
5.9037,1783622755.228982,FORWARD_PADDLE,UNKNOWN,0.506606,forward_paddle,FORWARD_PADDLE,5.0,1.0,0.4,1.5708,3.0,2,-1.323825478553772,5.875301837921143,-0.05649000033736229,12.0,4.0,0.6013204455375671,0.575539767742157,0.002689999993890524,11.899999618530273,4.0
5.9197,1783622755.244968,FORWARD_PADDLE,UNKNOWN,0.506606,forward_paddle,FORWARD_PADDLE,5.0,1.0,0.4,1.5708,3.0,2,-1.2317866086959839,5.851321220397949,-0.05380000174045563,12.0,4.0,0.6089903712272644,0.575539767742157,0.005379999987781048,11.899999618530273,4.0
5.9358,1783622755.261021,FORWARD_PADDLE,UNKNOWN,0.506606,forward_paddle,FORWARD_PADDLE,5.0,1.0,0.4,1.5708,3.0,2,-1.1397477388381958,5.851321220397949,-0.048420000821352005,12.0,4.0,0.6135923266410828,0.5275781154632568,0.0,11.899999618530273,4.0
5.9518,1783622755.276987,FORWARD_PADDLE,UNKNOWN,0.506606,forward_paddle,FORWARD_PADDLE,5.0,1.0,0.4,1.5708,3.0,2,-1.0492428541183472,5.851321220397949,-0.05380000174045563,12.0,4.0,0.6166602969169617,0.3836931884288788,0.0,11.899999618530273,4.0
5.9679,1783622755.293089,FORWARD_PADDLE,UNKNOWN,0.506606,forward_paddle,FORWARD_PADDLE,5.0,1.0,0.4,1.5708,3.0,2,-0.9572039842605591,5.827340126037598,-0.05380000174045563,12.0,4.0,0.6166602969169617,0.23980824649333954,0.0,11.899999618530273,4.0
5.9837,1783622755.308952,FORWARD_PADDLE,UNKNOWN,0.506606,forward_paddle,FORWARD_PADDLE,5.0,1.0,0.4,1.5708,3.0,2,-0.8682331442832947,5.803359508514404,-0.03765999898314476,11.899999618530273,4.0,0.607456386089325,0.0959232971072197,0.685949981212616,11.600000381469727,4.0
5.9997,1783622755.324909,FORWARD_PADDLE,UNKNOWN,0.506606,forward_paddle,FORWARD_PADDLE,5.0,1.0,0.4,1.5708,3.0,2,-0.7761942744255066,5.755397796630859,-0.05649000033736229,12.0,4.0,0.5399612188339233,-0.7194247245788574,0.13718999922275543,11.800000190734863,4.0
6.0157,1783622755.340949,FORWARD_PADDLE,UNKNOWN,0.506606,forward_paddle,FORWARD_PADDLE,5.0,1.0,0.4,1.5708,3.0,2,-0.6841554045677185,5.731416702270508,-0.05380000174045563,12.0,4.0,0.45712628960609436,-2.517986536026001,0.08070000261068344,11.899999618530273,4.0
6.0317,1783622755.35695,FORWARD_PADDLE,UNKNOWN,0.506606,forward_paddle,FORWARD_PADDLE,5.0,1.0,0.4,1.5708,3.0,2,-0.5936505794525146,5.7074360847473145,-0.05110999941825867,12.0,4.0,0.37275734543800354,-4.076740264892578,0.0699400007724762,11.899999618530273,4.0
6.0477,1783622755.372955,FORWARD_PADDLE,UNKNOWN,0.506606,forward_paddle,FORWARD_PADDLE,5.0,1.0,0.4,1.5708,3.0,2,-0.503145694732666,5.683455467224121,-0.048420000821352005,12.0,4.0,0.28685441613197327,-4.844126224517822,0.07263000309467316,11.899999618530273,4.0
6.0637,1783622755.388947,FORWARD_PADDLE,UNKNOWN,0.506606,forward_paddle,FORWARD_PADDLE,5.0,1.0,0.4,1.5708,3.0,2,-0.4111068546772003,5.6594743728637695,-0.045729998499155045,12.0,4.0,0.20248545706272125,-5.131896495819092,0.07263000309467316,11.899999618530273,4.0
6.0798,1783622755.405049,FORWARD_PADDLE,UNKNOWN,0.506606,forward_paddle,FORWARD_PADDLE,5.0,1.0,0.4,1.5708,3.0,2,-0.3190680146217346,5.635493755340576,-0.05110999941825867,12.0,4.0,0.12118448317050934,-5.227819442749023,-0.1183599978685379,11.899999618530273,4.0
6.0957,1783622755.420927,FORWARD_PADDLE,UNKNOWN,0.506606,forward_paddle,FORWARD_PADDLE,5.0,1.0,0.4,1.5708,3.0,2,-0.22702915966510773,5.611512660980225,-0.048420000821352005,12.100000381469727,4.0,0.06596117466688156,-4.940049648284912,-0.11298000067472458,12.0,4.0
6.1117,1783622755.4369,FORWARD_PADDLE,UNKNOWN,0.506606,forward_paddle,FORWARD_PADDLE,5.0,1.0,0.4,1.5708,3.0,2,-0.13805827498435974,5.611512660980225,0.16408999264240265,12.100000381469727,4.0,0.03681553900241852,-4.028778553009033,-0.05110999941825867,12.0,4.0
6.1277,1783622755.452914,FORWARD_PADDLE,UNKNOWN,0.506606,forward_paddle,FORWARD_PADDLE,5.0,1.0,0.4,1.5708,3.0,2,-0.0613592304289341,5.20383882522583,0.16140000522136688,12.100000381469727,4.0,0.016873788088560104,-2.517986536026001,-0.013450000435113907,12.0,4.0
6.1437,1783622755.468983,FORWARD_PADDLE,UNKNOWN,0.506606,forward_paddle,FORWARD_PADDLE,5.0,1.0,0.4,1.5708,3.0,2,-0.03681553900241852,4.484414100646973,0.1049100011587143,12.100000381469727,4.0,0.012271846644580364,-1.7266193628311157,0.0,12.0,4.0
6.1597,1783622755.48497,FORWARD_PADDLE,UNKNOWN,0.506606,forward_paddle,FORWARD_PADDLE,5.0,1.0,0.4,1.5708,3.0,2,-0.013805827125906944,2.8537180423736572,0.04035000130534172,12.100000381469727,4.0,0.007669903803616762,-0.8633096814155579,0.0,12.0,4.0
6.1757,1783622755.500975,FORWARD_PADDLE,UNKNOWN,0.506606,forward_paddle,FORWARD_PADDLE,5.0,1.0,0.4,1.5708,3.0,2,-0.01073786523193121,2.470024824142456,0.029589999467134476,12.100000381469727,4.0,0.006135923322290182,-0.7194247245788574,0.002689999993890524,12.0,4.0
6.1917,1783622755.516936,FORWARD_PADDLE,UNKNOWN,0.506606,forward_paddle,FORWARD_PADDLE,5.0,1.0,0.4,1.5708,3.0,2,-0.004601942375302315,1.4628303050994873,0.005379999987781048,12.100000381469727,4.0,0.004601942375302315,-0.40767401456832886,0.005379999987781048,12.0,4.0
6.2076,1783622755.532883,FORWARD_PADDLE,UNKNOWN,0.506606,forward_paddle,FORWARD_PADDLE,5.0,1.0,0.4,1.5708,3.0,2,-0.0015339808305725455,0.8153480291366577,0.0,12.100000381469727,4.0,0.004601942375302315,-0.1918465942144394,0.0,12.0,4.0
6.2239,1783622755.54916,FORWARD_PADDLE,UNKNOWN,0.506606,forward_paddle,FORWARD_PADDLE,5.0,1.0,0.4,1.5708,3.0,2,-0.0015339808305725455,0.43165484070777893,0.0,12.100000381469727,4.0,0.003067961661145091,-0.11990412324666977,0.0,12.0,4.0
6.2396,1783622755.564847,FORWARD_PADDLE,UNKNOWN,0.506606,forward_paddle,FORWARD_PADDLE,5.0,1.0,0.4,1.5708,3.0,2,-0.0015339808305725455,0.1918465942144394,-0.002689999993890524,12.100000381469727,4.0,0.003067961661145091,-0.07194247096776962,0.005379999987781048,12.0,4.0
6.2556,1783622755.580827,FORWARD_PADDLE,UNKNOWN,0.506606,forward_paddle,FORWARD_PADDLE,5.0,1.0,0.4,1.5708,3.0,2,-0.0015339808305725455,0.07194247096776962,-0.002689999993890524,12.100000381469727,4.0,0.003067961661145091,-0.023980824276804924,0.002689999993890524,12.0,4.0
6.2716,1783622755.596801,FORWARD_PADDLE,UNKNOWN,0.506606,forward_paddle,FORWARD_PADDLE,5.0,1.0,0.4,1.5708,3.0,2,-0.0015339808305725455,0.023980824276804924,-0.002689999993890524,12.100000381469727,4.0,0.003067961661145091,-0.0,0.002689999993890524,12.0,4.0
6.2875,1783622755.612771,FORWARD_PADDLE,UNKNOWN,0.506606,forward_paddle,FORWARD_PADDLE,5.0,1.0,0.4,1.5708,3.0,2,-0.0015339808305725455,-0.0,-0.005379999987781048,12.100000381469727,4.0,0.003067961661145091,-0.0,0.005379999987781048,12.0,4.0
6.3035,1783622755.628778,FORWARD_PADDLE,UNKNOWN,0.506606,forward_paddle,FORWARD_PADDLE,5.0,1.0,0.4,1.5708,3.0,2,-0.0015339808305725455,-0.0,-0.008070000447332859,12.100000381469727,4.0,0.003067961661145091,-0.0,0.005379999987781048,12.0,4.0
6.3195,1783622755.644756,FORWARD_PADDLE,UNKNOWN,0.506606,forward_paddle,FORWARD_PADDLE,5.0,1.0,0.4,1.5708,3.0,2,-0.0015339808305725455,-0.0,-0.005379999987781048,12.100000381469727,4.0,0.003067961661145091,-0.0,0.005379999987781048,12.0,4.0
6.3355,1783622755.660783,FORWARD_PADDLE,UNKNOWN,0.506606,forward_paddle,FORWARD_PADDLE,5.0,1.0,0.4,1.5708,3.0,2,-0.003067961661145091,-0.0,-0.005379999987781048,12.100000381469727,4.0,0.003067961661145091,-0.0,0.005379999987781048,12.0,4.0
6.3515,1783622755.676742,FORWARD_PADDLE,UNKNOWN,0.506606,forward_paddle,FORWARD_PADDLE,5.0,1.0,0.4,1.5708,3.0,2,-0.0015339808305725455,-0.0,-0.008070000447332859,12.100000381469727,4.0,0.003067961661145091,-0.0,0.005379999987781048,12.0,4.0
6.3675,1783622755.692689,FORWARD_PADDLE,UNKNOWN,0.506606,forward_paddle,FORWARD_PADDLE,5.0,1.0,0.4,1.5708,3.0,2,-0.0015339808305725455,-0.0,-0.005379999987781048,12.100000381469727,4.0,0.003067961661145091,-0.0,0.005379999987781048,12.0,4.0
6.3835,1783622755.708698,FORWARD_PADDLE,UNKNOWN,0.506606,forward_paddle,FORWARD_PADDLE,5.0,1.0,0.4,1.5708,3.0,2,-0.0015339808305725455,-0.0,-0.005379999987781048,12.100000381469727,4.0,0.003067961661145091,-0.0,0.005379999987781048,12.0,4.0
6.3995,1783622755.724687,FORWARD_PADDLE,UNKNOWN,0.506606,forward_paddle,FORWARD_PADDLE,5.0,1.0,0.4,1.5708,3.0,2,-0.0015339808305725455,-0.0,-0.008070000447332859,12.100000381469727,4.0,0.003067961661145091,-0.0,0.005379999987781048,12.0,4.0
6.4154,1783622755.740678,FORWARD_PADDLE,UNKNOWN,0.506606,forward_paddle,FORWARD_PADDLE,5.0,1.0,0.4,1.5708,3.0,2,-0.0015339808305725455,-0.0,-0.008070000447332859,12.100000381469727,4.0,0.003067961661145091,-0.0,0.005379999987781048,12.0,4.0
6.4315,1783622755.756688,FORWARD_PADDLE,UNKNOWN,0.506606,forward_paddle,FORWARD_PADDLE,5.0,1.0,0.4,1.5708,3.0,2,-0.003067961661145091,-0.0,-0.008070000447332859,12.100000381469727,4.0,0.003067961661145091,-0.0,0.005379999987781048,12.0,4.0
6.4475,1783622755.77271,FORWARD_PADDLE,UNKNOWN,0.506606,forward_paddle,FORWARD_PADDLE,5.0,1.0,0.4,1.5708,3.0,2,-0.0015339808305725455,-0.0,-0.008070000447332859,12.100000381469727,4.0,0.003067961661145091,-0.0,0.002689999993890524,12.0,4.0
6.4635,1783622755.788735,FORWARD_PADDLE,UNKNOWN,0.506606,forward_paddle,FORWARD_PADDLE,5.0,1.0,0.4,1.5708,3.0,2,-0.0015339808305725455,-0.0,-0.008070000447332859,12.100000381469727,4.0,0.003067961661145091,-0.0,0.002689999993890524,12.0,4.0
6.4795,1783622755.804761,FORWARD_PADDLE,UNKNOWN,0.506606,forward_paddle,FORWARD_PADDLE,5.0,1.0,0.4,1.5708,3.0,2,-0.0015339808305725455,-0.0,-0.008070000447332859,12.100000381469727,4.0,0.003067961661145091,-0.0,0.005379999987781048,12.0,4.0
6.4955,1783622755.820724,FORWARD_PADDLE,UNKNOWN,0.506606,forward_paddle,FORWARD_PADDLE,5.0,1.0,0.4,1.5708,3.0,2,-0.0015339808305725455,-0.0,-0.005379999987781048,12.100000381469727,4.0,0.003067961661145091,-0.0,0.005379999987781048,12.0,4.0
6.5115,1783622755.836744,FORWARD_PADDLE,UNKNOWN,0.506606,forward_paddle,FORWARD_PADDLE,5.0,1.0,0.4,1.5708,3.0,2,-0.0015339808305725455,-0.0,-0.005379999987781048,12.100000381469727,4.0,0.003067961661145091,-0.0,0.005379999987781048,12.0,4.0
6.5275,1783622755.852699,FORWARD_PADDLE,UNKNOWN,0.506606,forward_paddle,FORWARD_PADDLE,5.0,1.0,0.4,1.5708,3.0,2,-0.0015339808305725455,-0.0,-0.010759999975562096,12.100000381469727,4.0,0.003067961661145091,-0.0,0.005379999987781048,12.0,4.0
6.5435,1783622755.86871,FORWARD_PADDLE,UNKNOWN,0.506606,forward_paddle,FORWARD_PADDLE,5.0,1.0,0.4,1.5708,3.0,2,-0.0015339808305725455,-0.0,-0.005379999987781048,12.100000381469727,4.0,0.003067961661145091,-0.0,0.002689999993890524,12.0,4.0
6.5595,1783622755.884743,FORWARD_PADDLE,UNKNOWN,0.506606,forward_paddle,FORWARD_PADDLE,5.0,1.0,0.4,1.5708,3.0,2,-0.0015339808305725455,-0.0,-0.005379999987781048,12.100000381469727,4.0,0.003067961661145091,-0.0,0.005379999987781048,12.0,4.0
6.5755,1783622755.900761,FORWARD_PADDLE,UNKNOWN,0.506606,forward_paddle,FORWARD_PADDLE,5.0,1.0,0.4,1.5708,3.0,2,-0.0015339808305725455,-0.0,-0.005379999987781048,12.100000381469727,4.0,0.003067961661145091,-0.0,0.005379999987781048,12.0,4.0
6.5915,1783622755.916762,FORWARD_PADDLE,UNKNOWN,0.506606,forward_paddle,FORWARD_PADDLE,5.0,1.0,0.4,1.5708,3.0,2,-0.0015339808305725455,-0.0,-0.005379999987781048,12.100000381469727,4.0,0.003067961661145091,-0.0,0.005379999987781048,12.0,4.0
6.6075,1783622755.932763,FORWARD_PADDLE,UNKNOWN,0.506606,forward_paddle,FORWARD_PADDLE,5.0,1.0,0.4,1.5708,3.0,2,-0.0015339808305725455,-0.0,-0.005379999987781048,12.100000381469727,4.0,0.003067961661145091,-0.0,0.005379999987781048,12.0,4.0
6.6235,1783622755.948736,FORWARD_PADDLE,UNKNOWN,0.506606,forward_paddle,FORWARD_PADDLE,5.0,1.0,0.4,1.5708,3.0,2,-0.0015339808305725455,-0.0,-0.005379999987781048,12.100000381469727,4.0,0.003067961661145091,-0.0,0.005379999987781048,12.0,4.0
6.6395,1783622755.964728,FORWARD_PADDLE,UNKNOWN,0.506606,forward_paddle,FORWARD_PADDLE,5.0,1.0,0.4,1.5708,3.0,2,-0.0015339808305725455,-0.0,-0.005379999987781048,12.100000381469727,4.0,0.003067961661145091,-0.0,0.005379999987781048,12.0,4.0
6.6715,1783622755.996688,FORWARD_PADDLE,UNKNOWN,0.506606,forward_paddle,FORWARD_PADDLE,5.0,1.0,0.4,1.5708,3.0,2,-0.0015339808305725455,-0.0,-0.005379999987781048,12.100000381469727,4.0,0.003067961661145091,-0.0,0.005379999987781048,12.0,4.0
6.6875,1783622756.012706,FORWARD_PADDLE,UNKNOWN,0.506606,forward_paddle,FORWARD_PADDLE,5.0,1.0,0.4,1.5708,3.0,2,-0.0015339808305725455,-0.0,-0.005379999987781048,12.100000381469727,4.0,0.003067961661145091,-0.0,0.005379999987781048,12.0,4.0
6.7035,1783622756.028734,FORWARD_PADDLE,UNKNOWN,0.506606,forward_paddle,FORWARD_PADDLE,5.0,1.0,0.4,1.5708,3.0,2,-0.0,-0.0,-0.005379999987781048,12.100000381469727,4.0,0.003067961661145091,-0.0,0.005379999987781048,12.0,4.0
6.7195,1783622756.044749,FORWARD_PADDLE,UNKNOWN,0.506606,forward_paddle,FORWARD_PADDLE,5.0,1.0,0.4,1.5708,3.0,2,-0.0,-0.0,-0.005379999987781048,12.100000381469727,4.0,0.003067961661145091,-0.0,0.005379999987781048,12.0,4.0
6.7355,1783622756.060727,FORWARD_PADDLE,UNKNOWN,0.506606,forward_paddle,FORWARD_PADDLE,5.0,1.0,0.4,1.5708,3.0,2,-0.0,-0.0,-0.005379999987781048,12.100000381469727,4.0,0.003067961661145091,-0.0,0.005379999987781048,12.0,4.0
6.7515,1783622756.076733,FORWARD_PADDLE,UNKNOWN,0.506606,forward_paddle,FORWARD_PADDLE,5.0,1.0,0.4,1.5708,3.0,2,-0.0015339808305725455,-0.0,-0.005379999987781048,12.100000381469727,4.0,0.003067961661145091,-0.0,0.005379999987781048,12.0,4.0
6.7675,1783622756.092747,FORWARD_PADDLE,UNKNOWN,0.506606,forward_paddle,FORWARD_PADDLE,5.0,1.0,0.4,1.5708,3.0,2,-0.0015339808305725455,-0.0,-0.008070000447332859,12.100000381469727,4.0,0.003067961661145091,-0.0,0.005379999987781048,12.0,4.0
6.7835,1783622756.108767,FORWARD_PADDLE,UNKNOWN,0.506606,forward_paddle,FORWARD_PADDLE,5.0,1.0,0.4,1.5708,3.0,2,-0.0015339808305725455,-0.0,-0.008070000447332859,12.100000381469727,4.0,0.003067961661145091,-0.0,0.005379999987781048,12.0,4.0
6.7995,1783622756.124741,FORWARD_PADDLE,UNKNOWN,0.506606,forward_paddle,FORWARD_PADDLE,5.0,1.0,0.4,1.5708,3.0,2,-0.0015339808305725455,-0.0,-0.005379999987781048,12.100000381469727,4.0,0.003067961661145091,-0.0,0.005379999987781048,12.0,4.0
6.8155,1783622756.140718,FORWARD_PADDLE,UNKNOWN,0.506606,forward_paddle,FORWARD_PADDLE,5.0,1.0,0.4,1.5708,3.0,2,-0.0015339808305725455,-0.0,-0.005379999987781048,12.100000381469727,4.0,0.003067961661145091,-0.0,0.005379999987781048,12.0,4.0
6.8315,1783622756.156703,FORWARD_PADDLE,UNKNOWN,0.506606,forward_paddle,FORWARD_PADDLE,5.0,1.0,0.4,1.5708,3.0,2,-0.0015339808305725455,-0.0,-0.008070000447332859,12.100000381469727,4.0,0.003067961661145091,-0.0,0.005379999987781048,12.0,4.0
6.8475,1783622756.172697,FORWARD_PADDLE,UNKNOWN,0.506606,forward_paddle,FORWARD_PADDLE,5.0,1.0,0.4,1.5708,3.0,2,-0.0,-0.0,-0.005379999987781048,12.100000381469727,4.0,0.003067961661145091,-0.0,0.005379999987781048,12.0,4.0
6.8635,1783622756.188712,FORWARD_PADDLE,UNKNOWN,0.506606,forward_paddle,FORWARD_PADDLE,5.0,1.0,0.4,1.5708,3.0,2,-0.0015339808305725455,0.023980824276804924,-0.005379999987781048,12.100000381469727,4.0,0.003067961661145091,-0.0,0.005379999987781048,12.0,4.0
6.8795,1783622756.20474,FORWARD_PADDLE,UNKNOWN,0.506606,forward_paddle,FORWARD_PADDLE,5.0,1.0,0.4,1.5708,3.0,2,-0.0,-0.0,-0.002689999993890524,12.100000381469727,4.0,0.003067961661145091,-0.0,0.005379999987781048,12.0,4.0
6.8955,1783622756.220739,FORWARD_PADDLE,UNKNOWN,0.506606,forward_paddle,FORWARD_PADDLE,5.0,1.0,0.4,1.5708,3.0,2,-0.0,-0.0,-0.005379999987781048,12.100000381469727,4.0,0.003067961661145091,-0.0,0.005379999987781048,12.0,4.0
6.9116,1783622756.236794,FORWARD_PADDLE,UNKNOWN,0.506606,forward_paddle,FORWARD_PADDLE,5.0,1.0,0.4,1.5708,3.0,2,-0.0,-0.0,-0.002689999993890524,12.100000381469727,4.0,0.003067961661145091,-0.0,0.005379999987781048,12.0,4.0
6.9274,1783622756.252683,FORWARD_PADDLE,UNKNOWN,0.506606,forward_paddle,FORWARD_PADDLE,5.0,1.0,0.4,1.5708,3.0,2,-0.0015339808305725455,-0.0,-0.005379999987781048,12.100000381469727,4.0,0.003067961661145091,-0.0,0.005379999987781048,12.0,4.0
6.9434,1783622756.268683,FORWARD_PADDLE,UNKNOWN,0.506606,forward_paddle,FORWARD_PADDLE,5.0,1.0,0.4,1.5708,3.0,2,-0.0015339808305725455,-0.023980824276804924,-0.005379999987781048,12.100000381469727,4.0,0.003067961661145091,-0.0,0.005379999987781048,12.0,4.0
6.9594,1783622756.284676,FORWARD_PADDLE,UNKNOWN,0.506606,forward_paddle,FORWARD_PADDLE,5.0,1.0,0.4,1.5708,3.0,2,-0.0015339808305725455,-0.0,-0.005379999987781048,12.100000381469727,4.0,0.003067961661145091,-0.0,0.005379999987781048,12.0,4.0
6.9755,1783622756.300726,FORWARD_PADDLE,UNKNOWN,0.506606,forward_paddle,FORWARD_PADDLE,5.0,1.0,0.4,1.5708,3.0,2,-0.0015339808305725455,-0.0,-0.005379999987781048,12.100000381469727,4.0,0.003067961661145091,-0.0,0.005379999987781048,12.0,4.0
6.9916,1783622756.316828,FORWARD_PADDLE,UNKNOWN,0.506606,forward_paddle,FORWARD_PADDLE,5.0,1.0,0.4,1.5708,3.0,2,-0.0,-0.0,-0.002689999993890524,12.100000381469727,4.0,0.003067961661145091,-0.0,0.005379999987781048,12.0,4.0
7.0075,1783622756.332734,FORWARD_PADDLE,UNKNOWN,0.506606,forward_paddle,FORWARD_PADDLE,5.0,1.0,0.4,1.5708,3.0,2,-0.0,0.023980824276804924,0.0,12.100000381469727,4.0,0.003067961661145091,-0.0,0.005379999987781048,12.0,4.0
7.0235,1783622756.348723,FORWARD_PADDLE,UNKNOWN,0.506606,forward_paddle,FORWARD_PADDLE,5.0,1.0,0.4,1.5708,3.0,2,0.0015339808305725455,-0.0,0.0,12.100000381469727,4.0,0.003067961661145091,-0.0,0.005379999987781048,12.0,4.0
7.0395,1783622756.364722,FORWARD_PADDLE,UNKNOWN,0.506606,forward_paddle,FORWARD_PADDLE,5.0,1.0,0.4,1.5708,3.0,2,0.0015339808305725455,-0.0,0.0,12.100000381469727,4.0,0.003067961661145091,-0.0,0.005379999987781048,12.0,4.0
7.0555,1783622756.380702,FORWARD_PADDLE,UNKNOWN,0.506606,forward_paddle,FORWARD_PADDLE,5.0,1.0,0.4,1.5708,3.0,2,0.0015339808305725455,0.023980824276804924,0.0,12.100000381469727,4.0,0.003067961661145091,-0.0,0.005379999987781048,12.0,4.0
7.0715,1783622756.396701,FORWARD_PADDLE,UNKNOWN,0.506606,forward_paddle,FORWARD_PADDLE,5.0,1.0,0.4,1.5708,3.0,2,0.0015339808305725455,-0.0,0.0,12.100000381469727,4.0,0.003067961661145091,-0.0,0.005379999987781048,12.0,4.0
7.0875,1783622756.412701,FORWARD_PADDLE,UNKNOWN,0.506606,forward_paddle,FORWARD_PADDLE,5.0,1.0,0.4,1.5708,3.0,2,0.0015339808305725455,-0.0,0.0,12.100000381469727,4.0,0.003067961661145091,-0.0,0.005379999987781048,12.0,4.0
7.1035,1783622756.428728,FORWARD_PADDLE,UNKNOWN,0.506606,forward_paddle,FORWARD_PADDLE,5.0,1.0,0.4,1.5708,3.0,2,0.0015339808305725455,-0.0,0.0,12.100000381469727,4.0,0.003067961661145091,-0.0,0.005379999987781048,12.0,4.0
7.1195,1783622756.444718,FORWARD_PADDLE,UNKNOWN,0.506606,forward_paddle,FORWARD_PADDLE,5.0,1.0,0.4,1.5708,3.0,2,0.0015339808305725455,-0.0,0.0,12.100000381469727,4.0,0.003067961661145091,-0.0,0.005379999987781048,12.0,4.0
7.1355,1783622756.460691,FORWARD_PADDLE,UNKNOWN,0.506606,forward_paddle,FORWARD_PADDLE,5.0,1.0,0.4,1.5708,3.0,2,0.0015339808305725455,-0.0,0.0,12.100000381469727,4.0,0.003067961661145091,-0.0,0.005379999987781048,12.0,4.0
7.1515,1783622756.476723,FORWARD_PADDLE,UNKNOWN,0.506606,forward_paddle,FORWARD_PADDLE,5.0,1.0,0.4,1.5708,3.0,2,0.0015339808305725455,-0.0,0.0,12.100000381469727,4.0,0.003067961661145091,-0.0,0.005379999987781048,12.0,4.0
7.1675,1783622756.492702,FORWARD_PADDLE,UNKNOWN,0.506606,forward_paddle,FORWARD_PADDLE,5.0,1.0,0.4,1.5708,3.0,2,0.0015339808305725455,-0.0,0.0,12.100000381469727,4.0,0.003067961661145091,-0.0,0.005379999987781048,12.0,4.0
7.1835,1783622756.508703,FORWARD_PADDLE,UNKNOWN,0.506606,forward_paddle,FORWARD_PADDLE,5.0,1.0,0.4,1.5708,3.0,2,0.003067961661145091,-0.0,0.0,12.100000381469727,4.0,0.003067961661145091,-0.0,0.005379999987781048,12.0,4.0
7.1995,1783622756.52474,FORWARD_PADDLE,UNKNOWN,0.506606,forward_paddle,FORWARD_PADDLE,5.0,1.0,0.4,1.5708,3.0,2,0.0015339808305725455,-0.0,0.0,12.100000381469727,4.0,0.003067961661145091,-0.0,0.005379999987781048,12.0,4.0
7.2155,1783622756.540688,FORWARD_PADDLE,UNKNOWN,0.506606,forward_paddle,FORWARD_PADDLE,5.0,1.0,0.4,1.5708,3.0,2,0.0015339808305725455,-0.0,0.0,12.100000381469727,4.0,0.003067961661145091,-0.0,0.005379999987781048,12.0,4.0
7.2315,1783622756.556718,FORWARD_PADDLE,UNKNOWN,0.506606,forward_paddle,FORWARD_PADDLE,5.0,1.0,0.4,1.5708,3.0,2,0.0015339808305725455,-0.0,0.0,12.100000381469727,4.0,0.003067961661145091,-0.0,0.005379999987781048,12.0,4.0
7.2475,1783622756.572701,FORWARD_PADDLE,UNKNOWN,0.506606,forward_paddle,FORWARD_PADDLE,5.0,1.0,0.4,1.5708,3.0,2,0.0015339808305725455,-0.0,0.0,12.100000381469727,4.0,0.003067961661145091,-0.0,0.005379999987781048,12.0,4.0
7.2635,1783622756.588695,FORWARD_PADDLE,UNKNOWN,0.506606,forward_paddle,FORWARD_PADDLE,5.0,1.0,0.4,1.5708,3.0,2,0.003067961661145091,-0.0,0.0,12.100000381469727,4.0,0.003067961661145091,-0.0,0.008070000447332859,12.0,4.0
7.2795,1783622756.604722,FORWARD_PADDLE,UNKNOWN,0.506606,forward_paddle,FORWARD_PADDLE,5.0,1.0,0.4,1.5708,3.0,2,0.0015339808305725455,-0.0,0.0,12.100000381469727,4.0,0.003067961661145091,-0.0,0.008070000447332859,12.0,4.0
7.2955,1783622756.620697,FORWARD_PADDLE,UNKNOWN,0.506606,forward_paddle,FORWARD_PADDLE,5.0,1.0,0.4,1.5708,3.0,2,0.003067961661145091,-0.0,0.0,12.100000381469727,4.0,0.003067961661145091,-0.0,0.005379999987781048,12.0,4.0
7.3114,1783622756.636662,FORWARD_PADDLE,UNKNOWN,0.506606,forward_paddle,FORWARD_PADDLE,5.0,1.0,0.4,1.5708,3.0,2,0.003067961661145091,-0.0,0.0,12.100000381469727,4.0,0.003067961661145091,-0.0,0.005379999987781048,12.0,4.0
7.3274,1783622756.652682,FORWARD_PADDLE,UNKNOWN,0.506606,forward_paddle,FORWARD_PADDLE,5.0,1.0,0.4,1.5708,3.0,2,0.0015339808305725455,-0.0,0.0,12.100000381469727,4.0,0.003067961661145091,-0.0,0.005379999987781048,12.0,4.0
7.3435,1783622756.668716,FORWARD_PADDLE,UNKNOWN,0.506606,forward_paddle,FORWARD_PADDLE,5.0,1.0,0.4,1.5708,3.0,2,0.0015339808305725455,-0.0,0.0,12.100000381469727,4.0,0.003067961661145091,-0.0,0.005379999987781048,12.0,4.0
7.3595,1783622756.684701,FORWARD_PADDLE,UNKNOWN,0.506606,forward_paddle,FORWARD_PADDLE,5.0,1.0,0.4,1.5708,3.0,2,0.0015339808305725455,-0.0,0.0,12.100000381469727,4.0,0.003067961661145091,-0.0,0.005379999987781048,12.0,4.0
7.3755,1783622756.700691,FORWARD_PADDLE,UNKNOWN,0.506606,forward_paddle,FORWARD_PADDLE,5.0,1.0,0.4,1.5708,3.0,2,0.0015339808305725455,-0.0,0.0,12.100000381469727,4.0,0.003067961661145091,-0.0,0.002689999993890524,12.0,4.0
7.3915,1783622756.71674,FORWARD_PADDLE,UNKNOWN,0.506606,forward_paddle,FORWARD_PADDLE,5.0,1.0,0.4,1.5708,3.0,2,0.003067961661145091,-0.0,0.0,12.100000381469727,4.0,0.003067961661145091,-0.0,0.008070000447332859,12.0,4.0
7.4074,1783622756.732683,FORWARD_PADDLE,UNKNOWN,0.506606,forward_paddle,FORWARD_PADDLE,5.0,1.0,0.4,1.5708,3.0,2,0.003067961661145091,-0.0,0.0,12.100000381469727,4.0,0.003067961661145091,-0.0,0.008070000447332859,12.0,4.0
7.4235,1783622756.748714,FORWARD_PADDLE,UNKNOWN,0.506606,forward_paddle,FORWARD_PADDLE,5.0,1.0,0.4,1.5708,3.0,2,0.0015339808305725455,-0.0,0.0,12.100000381469727,4.0,0.003067961661145091,-0.0,0.008070000447332859,12.0,4.0
7.4395,1783622756.764733,FORWARD_PADDLE,UNKNOWN,0.506606,forward_paddle,FORWARD_PADDLE,5.0,1.0,0.4,1.5708,3.0,2,0.003067961661145091,-0.0,0.0,12.100000381469727,4.0,0.003067961661145091,-0.0,0.008070000447332859,12.0,4.0
7.4555,1783622756.780697,FORWARD_PADDLE,UNKNOWN,0.506606,forward_paddle,FORWARD_PADDLE,5.0,1.0,0.4,1.5708,3.0,2,0.0015339808305725455,-0.0,0.0,12.100000381469727,4.0,0.003067961661145091,-0.0,0.008070000447332859,12.0,4.0
7.4875,1783622756.812747,FORWARD_PADDLE,UNKNOWN,0.506606,forward_paddle,FORWARD_PADDLE,5.0,1.0,0.4,1.5708,3.0,2,0.0015339808305725455,-0.0,0.0,12.100000381469727,4.0,0.003067961661145091,-0.0,0.008070000447332859,12.0,4.0
7.5034,1783622756.828647,FORWARD_PADDLE,UNKNOWN,0.506606,forward_paddle,FORWARD_PADDLE,5.0,1.0,0.4,1.5708,3.0,2,0.0015339808305725455,-0.0,0.0,12.100000381469727,4.0,0.003067961661145091,-0.0,0.008070000447332859,12.0,4.0
7.5195,1783622756.844731,FORWARD_PADDLE,UNKNOWN,0.506606,forward_paddle,FORWARD_PADDLE,5.0,1.0,0.4,1.5708,3.0,2,0.003067961661145091,-0.0,0.0,12.100000381469727,4.0,0.003067961661145091,-0.0,0.008070000447332859,12.0,4.0
7.5354,1783622756.860634,FORWARD_PADDLE,UNKNOWN,0.506606,forward_paddle,FORWARD_PADDLE,5.0,1.0,0.4,1.5708,3.0,2,0.0015339808305725455,-0.0,0.0,12.100000381469727,4.0,0.003067961661145091,-0.0,0.008070000447332859,12.0,4.0
7.5515,1783622756.876699,FORWARD_PADDLE,UNKNOWN,0.506606,forward_paddle,FORWARD_PADDLE,5.0,1.0,0.4,1.5708,3.0,2,0.0015339808305725455,-0.0,0.0,12.100000381469727,4.0,0.003067961661145091,-0.0,0.008070000447332859,12.0,4.0
7.5674,1783622756.89264,FORWARD_PADDLE,UNKNOWN,0.506606,forward_paddle,FORWARD_PADDLE,5.0,1.0,0.4,1.5708,3.0,2,0.003067961661145091,-0.0,0.0,12.100000381469727,4.0,0.003067961661145091,-0.0,0.008070000447332859,12.0,4.0
7.5834,1783622756.908681,FORWARD_PADDLE,UNKNOWN,0.506606,forward_paddle,FORWARD_PADDLE,5.0,1.0,0.4,1.5708,3.0,2,0.0015339808305725455,-0.0,0.0,12.100000381469727,4.0,0.003067961661145091,-0.0,0.005379999987781048,12.0,4.0
7.5995,1783622756.924715,FORWARD_PADDLE,UNKNOWN,0.506606,forward_paddle,FORWARD_PADDLE,5.0,1.0,0.4,1.5708,3.0,2,0.0015339808305725455,-0.0,0.0,12.100000381469727,4.0,0.003067961661145091,-0.0,0.005379999987781048,12.0,4.0
7.6154,1783622756.940685,FORWARD_PADDLE,UNKNOWN,0.506606,forward_paddle,FORWARD_PADDLE,5.0,1.0,0.4,1.5708,3.0,2,0.003067961661145091,-0.0,0.0,12.100000381469727,4.0,0.003067961661145091,-0.0,0.008070000447332859,12.0,4.0
7.6315,1783622756.95669,FORWARD_PADDLE,UNKNOWN,0.506606,forward_paddle,FORWARD_PADDLE,5.0,1.0,0.4,1.5708,3.0,2,0.003067961661145091,-0.0,0.0,12.100000381469727,4.0,0.003067961661145091,-0.0,0.008070000447332859,12.0,4.0
7.6474,1783622756.972678,FORWARD_PADDLE,UNKNOWN,0.506606,forward_paddle,FORWARD_PADDLE,5.0,1.0,0.4,1.5708,3.0,2,0.0015339808305725455,-0.0,0.0,12.100000381469727,4.0,0.003067961661145091,-0.0,0.008070000447332859,12.0,4.0
7.6634,1783622756.988638,FORWARD_PADDLE,UNKNOWN,0.506606,forward_paddle,FORWARD_PADDLE,5.0,1.0,0.4,1.5708,3.0,2,0.0015339808305725455,-0.0,0.0,12.100000381469727,4.0,0.003067961661145091,-0.0,0.008070000447332859,12.0,4.0
7.6794,1783622757.004646,FORWARD_PADDLE,UNKNOWN,0.506606,forward_paddle,FORWARD_PADDLE,5.0,1.0,0.4,1.5708,3.0,2,0.0015339808305725455,-0.0,0.0,12.100000381469727,4.0,0.003067961661145091,-0.0,0.008070000447332859,12.0,4.0
7.6956,1783622757.02082,FORWARD_PADDLE,UNKNOWN,0.506606,forward_paddle,FORWARD_PADDLE,5.0,1.0,0.4,1.5708,3.0,2,0.0015339808305725455,-0.0,0.0,12.100000381469727,4.0,0.003067961661145091,-0.0,0.008070000447332859,12.0,4.0
7.7114,1783622757.036675,FORWARD_PADDLE,UNKNOWN,0.506606,forward_paddle,FORWARD_PADDLE,5.0,1.0,0.4,1.5708,3.0,2,0.0015339808305725455,-0.0,0.0,12.100000381469727,4.0,0.003067961661145091,-0.0,0.008070000447332859,12.0,4.0
7.7274,1783622757.052658,FORWARD_PADDLE,UNKNOWN,0.506606,forward_paddle,FORWARD_PADDLE,5.0,1.0,0.4,1.5708,3.0,2,0.0015339808305725455,-0.0,0.0,12.100000381469727,4.0,0.003067961661145091,-0.0,0.008070000447332859,12.0,4.0
7.7435,1783622757.068695,FORWARD_PADDLE,UNKNOWN,0.506606,forward_paddle,FORWARD_PADDLE,5.0,1.0,0.4,1.5708,3.0,2,0.0015339808305725455,-0.0,0.0,12.100000381469727,4.0,0.003067961661145091,-0.0,0.008070000447332859,12.0,4.0
7.7594,1783622757.084633,FORWARD_PADDLE,UNKNOWN,0.506606,forward_paddle,FORWARD_PADDLE,5.0,1.0,0.4,1.5708,3.0,2,0.0015339808305725455,-0.0,0.0,12.100000381469727,4.0,0.003067961661145091,-0.0,0.008070000447332859,12.0,4.0
7.7754,1783622757.100639,FORWARD_PADDLE,UNKNOWN,0.506606,forward_paddle,FORWARD_PADDLE,5.0,1.0,0.4,1.5708,3.0,2,0.0015339808305725455,-0.0,0.0,12.100000381469727,4.0,0.003067961661145091,-0.0,0.008070000447332859,12.0,4.0
7.7915,1783622757.116692,FORWARD_PADDLE,UNKNOWN,0.506606,forward_paddle,FORWARD_PADDLE,5.0,1.0,0.4,1.5708,3.0,2,0.0015339808305725455,-0.0,0.0,12.100000381469727,4.0,0.003067961661145091,-0.0,0.008070000447332859,12.0,4.0
7.8075,1783622757.132723,FORWARD_PADDLE,UNKNOWN,0.506606,forward_paddle,FORWARD_PADDLE,5.0,1.0,0.4,1.5708,3.0,2,0.0015339808305725455,-0.0,0.0,12.100000381469727,4.0,0.003067961661145091,-0.0,0.008070000447332859,12.0,4.0
7.8234,1783622757.148652,FORWARD_PADDLE,UNKNOWN,0.506606,forward_paddle,FORWARD_PADDLE,5.0,1.0,0.4,1.5708,3.0,2,0.0015339808305725455,-0.0,0.0,12.100000381469727,4.0,0.003067961661145091,-0.0,0.008070000447332859,12.0,4.0
7.8394,1783622757.16468,FORWARD_PADDLE,UNKNOWN,0.506606,forward_paddle,FORWARD_PADDLE,5.0,1.0,0.4,1.5708,3.0,2,0.0015339808305725455,-0.0,0.0,12.100000381469727,4.0,0.003067961661145091,-0.0,0.008070000447332859,12.0,4.0
7.8555,1783622757.180702,FORWARD_PADDLE,UNKNOWN,0.506606,forward_paddle,FORWARD_PADDLE,5.0,1.0,0.4,1.5708,3.0,2,0.0015339808305725455,-0.0,0.0,12.100000381469727,4.0,0.003067961661145091,-0.0,0.008070000447332859,12.0,4.0
7.8715,1783622757.196707,FORWARD_PADDLE,UNKNOWN,0.506606,forward_paddle,FORWARD_PADDLE,5.0,1.0,0.4,1.5708,3.0,2,-0.0,-0.0,0.0,12.100000381469727,4.0,0.003067961661145091,-0.0,0.008070000447332859,12.0,4.0
7.8875,1783622757.212742,FORWARD_PADDLE,UNKNOWN,0.506606,forward_paddle,FORWARD_PADDLE,5.0,1.0,0.4,1.5708,3.0,2,-0.0,-0.023980824276804924,0.0,12.100000381469727,4.0,0.003067961661145091,-0.0,0.008070000447332859,12.0,4.0
7.9035,1783622757.228735,FORWARD_PADDLE,UNKNOWN,0.506606,forward_paddle,FORWARD_PADDLE,5.0,1.0,0.4,1.5708,3.0,2,-0.0,-0.023980824276804924,0.0,12.100000381469727,4.0,0.003067961661145091,-0.0,0.008070000447332859,12.0,4.0
7.9194,1783622757.244666,FORWARD_PADDLE,UNKNOWN,0.506606,forward_paddle,FORWARD_PADDLE,5.0,1.0,0.4,1.5708,3.0,2,-0.0,-0.0,0.0,12.100000381469727,4.0,0.003067961661145091,-0.0,0.005379999987781048,12.0,4.0
7.9354,1783622757.260665,FORWARD_PADDLE,UNKNOWN,0.506606,forward_paddle,FORWARD_PADDLE,5.0,1.0,0.4,1.5708,3.0,2,-0.0,-0.0,0.0,12.100000381469727,4.0,0.003067961661145091,-0.0,0.008070000447332859,12.0,4.0
7.9514,1783622757.276666,FORWARD_PADDLE,UNKNOWN,0.506606,forward_paddle,FORWARD_PADDLE,5.0,1.0,0.4,1.5708,3.0,2,-0.0,-0.0,-0.002689999993890524,12.100000381469727,4.0,0.003067961661145091,-0.0,0.008070000447332859,12.0,4.0
7.9674,1783622757.292677,FORWARD_PADDLE,UNKNOWN,0.506606,forward_paddle,FORWARD_PADDLE,5.0,1.0,0.4,1.5708,3.0,2,-0.0,-0.0,-0.002689999993890524,12.100000381469727,4.0,0.003067961661145091,-0.0,0.008070000447332859,12.0,4.0
7.9834,1783622757.308653,FORWARD_PADDLE,UNKNOWN,0.506606,forward_paddle,FORWARD_PADDLE,5.0,1.0,0.4,1.5708,3.0,2,-0.0,-0.0,-0.002689999993890524,12.100000381469727,4.0,0.003067961661145091,-0.0,0.008070000447332859,12.0,4.0
7.9994,1783622757.32465,FORWARD_PADDLE,UNKNOWN,0.506606,forward_paddle,FORWARD_PADDLE,5.0,1.0,0.4,1.5708,3.0,2,-0.0,-0.0,-0.002689999993890524,12.100000381469727,4.0,0.003067961661145091,-0.0,0.008070000447332859,12.0,4.0
8.0154,1783622757.34061,FORWARD_PADDLE,UNKNOWN,0.506606,forward_paddle,FORWARD_PADDLE,5.0,1.0,0.4,1.5708,3.0,2,-0.0,-0.0,-0.002689999993890524,12.100000381469727,4.0,0.003067961661145091,-0.0,0.008070000447332859,12.0,4.0
8.0314,1783622757.356641,FORWARD_PADDLE,UNKNOWN,0.506606,forward_paddle,FORWARD_PADDLE,5.0,1.0,0.4,1.5708,3.0,2,-0.0,-0.0,0.0,12.100000381469727,4.0,0.003067961661145091,-0.0,0.008070000447332859,12.0,4.0
8.0474,1783622757.372619,FORWARD_PADDLE,UNKNOWN,0.506606,forward_paddle,FORWARD_PADDLE,5.0,1.0,0.4,1.5708,3.0,2,-0.0,-0.0,-0.002689999993890524,12.100000381469727,4.0,0.003067961661145091,-0.0,0.008070000447332859,12.0,4.0
8.0634,1783622757.388637,FORWARD_PADDLE,UNKNOWN,0.506606,forward_paddle,FORWARD_PADDLE,5.0,1.0,0.4,1.5708,3.0,2,-0.0,-0.0,-0.002689999993890524,12.100000381469727,4.0,0.003067961661145091,-0.0,0.008070000447332859,12.0,4.0
8.0794,1783622757.404631,FORWARD_PADDLE,UNKNOWN,0.506606,forward_paddle,FORWARD_PADDLE,5.0,1.0,0.4,1.5708,3.0,2,-0.0,-0.0,-0.002689999993890524,12.100000381469727,4.0,0.003067961661145091,-0.0,0.008070000447332859,12.0,4.0
8.0954,1783622757.420626,FORWARD_PADDLE,UNKNOWN,0.506606,forward_paddle,FORWARD_PADDLE,5.0,1.0,0.4,1.5708,3.0,2,-0.0,-0.0,-0.002689999993890524,12.100000381469727,4.0,0.003067961661145091,-0.0,0.008070000447332859,12.0,4.0
8.1114,1783622757.43665,FORWARD_PADDLE,UNKNOWN,0.506606,forward_paddle,FORWARD_PADDLE,5.0,1.0,0.4,1.5708,3.0,2,-0.0,-0.0,-0.002689999993890524,12.100000381469727,4.0,0.003067961661145091,-0.0,0.008070000447332859,12.0,4.0
8.1278,1783622757.45305,FORWARD_PADDLE,UNKNOWN,0.506606,forward_paddle,FORWARD_PADDLE,5.0,1.0,0.4,1.5708,3.0,2,-0.0,-0.0,-0.002689999993890524,12.100000381469727,4.0,0.003067961661145091,-0.0,0.008070000447332859,12.0,4.0
8.1434,1783622757.468632,FORWARD_PADDLE,UNKNOWN,0.506606,forward_paddle,FORWARD_PADDLE,5.0,1.0,0.4,1.5708,3.0,2,-0.0,-0.0,-0.002689999993890524,12.100000381469727,4.0,0.003067961661145091,-0.0,0.008070000447332859,12.0,4.0
8.1594,1783622757.484614,FORWARD_PADDLE,UNKNOWN,0.506606,forward_paddle,FORWARD_PADDLE,5.0,1.0,0.4,1.5708,3.0,2,-0.0,-0.0,0.0,12.100000381469727,4.0,0.003067961661145091,-0.0,0.008070000447332859,12.0,4.0
8.1754,1783622757.500604,FORWARD_PADDLE,UNKNOWN,0.506606,forward_paddle,FORWARD_PADDLE,5.0,1.0,0.4,1.5708,3.0,2,-0.0,-0.0,0.0,12.100000381469727,4.0,0.003067961661145091,-0.0,0.008070000447332859,12.0,4.0
8.1914,1783622757.516612,FORWARD_PADDLE,UNKNOWN,0.506606,forward_paddle,FORWARD_PADDLE,5.0,1.0,0.4,1.5708,3.0,2,-0.0,-0.0,0.0,12.100000381469727,4.0,0.003067961661145091,-0.0,0.008070000447332859,12.0,4.0
8.2074,1783622757.532616,FORWARD_PADDLE,UNKNOWN,0.506606,forward_paddle,FORWARD_PADDLE,5.0,1.0,0.4,1.5708,3.0,2,-0.0,-0.0,-0.002689999993890524,12.100000381469727,4.0,0.003067961661145091,-0.0,0.008070000447332859,12.0,4.0
8.2235,1783622757.548727,FORWARD_PADDLE,UNKNOWN,0.506606,forward_paddle,FORWARD_PADDLE,5.0,1.0,0.4,1.5708,3.0,2,-0.0,-0.0,0.0,12.100000381469727,4.0,0.003067961661145091,-0.0,0.008070000447332859,12.0,4.0
8.2394,1783622757.564666,FORWARD_PADDLE,UNKNOWN,0.506606,forward_paddle,FORWARD_PADDLE,5.0,1.0,0.4,1.5708,3.0,2,-0.0,-0.0,0.0,12.100000381469727,4.0,0.003067961661145091,-0.0,0.008070000447332859,12.0,4.0
8.2554,1783622757.580657,FORWARD_PADDLE,UNKNOWN,0.506606,forward_paddle,FORWARD_PADDLE,5.0,1.0,0.4,1.5708,3.0,2,-0.0,-0.0,0.0,12.100000381469727,4.0,0.003067961661145091,-0.0,0.008070000447332859,12.0,4.0
8.2714,1783622757.596655,FORWARD_PADDLE,UNKNOWN,0.506606,forward_paddle,FORWARD_PADDLE,5.0,1.0,0.4,1.5708,3.0,2,-0.0,-0.0,0.0,12.100000381469727,4.0,0.003067961661145091,-0.0,0.008070000447332859,12.0,4.0
8.3034,1783622757.628613,FORWARD_PADDLE,UNKNOWN,0.506606,forward_paddle,FORWARD_PADDLE,5.0,1.0,0.4,1.5708,3.0,2,-0.0,-0.0,0.0,12.100000381469727,4.0,0.003067961661145091,-0.0,0.008070000447332859,12.0,4.0
8.3194,1783622757.644626,FORWARD_PADDLE,UNKNOWN,0.506606,forward_paddle,FORWARD_PADDLE,5.0,1.0,0.4,1.5708,3.0,2,-0.0,-0.0,0.0,12.100000381469727,4.0,0.003067961661145091,-0.0,0.008070000447332859,12.0,4.0
8.3354,1783622757.660599,FORWARD_PADDLE,UNKNOWN,0.506606,forward_paddle,FORWARD_PADDLE,5.0,1.0,0.4,1.5708,3.0,2,-0.0,-0.0,0.0,12.100000381469727,4.0,0.003067961661145091,-0.0,0.008070000447332859,12.0,4.0
8.3514,1783622757.676649,FORWARD_PADDLE,UNKNOWN,0.506606,forward_paddle,FORWARD_PADDLE,5.0,1.0,0.4,1.5708,3.0,2,-0.0,-0.0,0.0,12.100000381469727,4.0,0.003067961661145091,-0.0,0.008070000447332859,12.0,4.0
8.3674,1783622757.692617,FORWARD_PADDLE,UNKNOWN,0.506606,forward_paddle,FORWARD_PADDLE,5.0,1.0,0.4,1.5708,3.0,2,0.0015339808305725455,-0.0,0.0,12.100000381469727,4.0,0.003067961661145091,-0.0,0.005379999987781048,12.0,4.0
8.3834,1783622757.708647,FORWARD_PADDLE,UNKNOWN,0.506606,forward_paddle,FORWARD_PADDLE,5.0,1.0,0.4,1.5708,3.0,2,0.0015339808305725455,0.023980824276804924,0.0,12.100000381469727,4.0,0.003067961661145091,-0.0,0.005379999987781048,12.0,4.0
8.3994,1783622757.724662,FORWARD_PADDLE,UNKNOWN,0.506606,forward_paddle,FORWARD_PADDLE,5.0,1.0,0.4,1.5708,3.0,2,0.0015339808305725455,-0.0,0.0,12.100000381469727,4.0,0.003067961661145091,-0.0,0.005379999987781048,12.0,4.0
8.4154,1783622757.74062,FORWARD_PADDLE,UNKNOWN,0.506606,forward_paddle,FORWARD_PADDLE,5.0,1.0,0.4,1.5708,3.0,2,0.0015339808305725455,-0.0,0.0,12.100000381469727,4.0,0.003067961661145091,-0.0,0.005379999987781048,12.0,4.0
8.4314,1783622757.756618,FORWARD_PADDLE,UNKNOWN,0.506606,forward_paddle,FORWARD_PADDLE,5.0,1.0,0.4,1.5708,3.0,2,0.0015339808305725455,-0.0,0.0,12.100000381469727,4.0,0.003067961661145091,-0.0,0.005379999987781048,12.0,4.0
8.4474,1783622757.772628,FORWARD_PADDLE,UNKNOWN,0.506606,forward_paddle,FORWARD_PADDLE,5.0,1.0,0.4,1.5708,3.0,2,0.0015339808305725455,-0.0,0.0,12.100000381469727,4.0,0.003067961661145091,-0.0,0.005379999987781048,12.0,4.0
8.4634,1783622757.788663,FORWARD_PADDLE,UNKNOWN,0.506606,forward_paddle,FORWARD_PADDLE,5.0,1.0,0.4,1.5708,3.0,2,0.0015339808305725455,-0.0,0.0,12.100000381469727,4.0,0.003067961661145091,-0.0,0.005379999987781048,12.0,4.0
8.4794,1783622757.804659,FORWARD_PADDLE,UNKNOWN,0.506606,forward_paddle,FORWARD_PADDLE,5.0,1.0,0.4,1.5708,3.0,2,0.0015339808305725455,-0.0,0.0,12.100000381469727,4.0,0.003067961661145091,-0.0,0.005379999987781048,12.0,4.0
8.4954,1783622757.820634,FORWARD_PADDLE,UNKNOWN,0.506606,forward_paddle,FORWARD_PADDLE,5.0,1.0,0.4,1.5708,3.0,2,0.0015339808305725455,-0.0,0.0,12.100000381469727,4.0,0.003067961661145091,-0.0,0.005379999987781048,12.0,4.0
8.5114,1783622757.836607,FORWARD_PADDLE,UNKNOWN,0.506606,forward_paddle,FORWARD_PADDLE,5.0,1.0,0.4,1.5708,3.0,2,0.0015339808305725455,-0.0,0.0,12.100000381469727,4.0,0.003067961661145091,-0.0,0.005379999987781048,12.0,4.0
8.5274,1783622757.852604,FORWARD_PADDLE,UNKNOWN,0.506606,forward_paddle,FORWARD_PADDLE,5.0,1.0,0.4,1.5708,3.0,2,0.0015339808305725455,-0.0,0.0,12.100000381469727,4.0,0.003067961661145091,-0.0,0.005379999987781048,12.0,4.0
8.5434,1783622757.868638,FORWARD_PADDLE,UNKNOWN,0.506606,forward_paddle,FORWARD_PADDLE,5.0,1.0,0.4,1.5708,3.0,2,0.0015339808305725455,-0.0,0.0,12.100000381469727,4.0,0.003067961661145091,-0.0,0.005379999987781048,12.0,4.0
8.5594,1783622757.884634,FORWARD_PADDLE,UNKNOWN,0.506606,forward_paddle,FORWARD_PADDLE,5.0,1.0,0.4,1.5708,3.0,2,0.0015339808305725455,-0.0,0.0,12.100000381469727,4.0,0.003067961661145091,-0.0,0.005379999987781048,12.0,4.0
8.5754,1783622757.900627,FORWARD_PADDLE,UNKNOWN,0.506606,forward_paddle,FORWARD_PADDLE,5.0,1.0,0.4,1.5708,3.0,2,0.0015339808305725455,-0.0,0.0,12.100000381469727,4.0,0.003067961661145091,-0.0,0.005379999987781048,12.0,4.0
8.5914,1783622757.916649,FORWARD_PADDLE,UNKNOWN,0.506606,forward_paddle,FORWARD_PADDLE,5.0,1.0,0.4,1.5708,3.0,2,0.0015339808305725455,-0.0,0.0,12.100000381469727,4.0,0.003067961661145091,-0.0,0.005379999987781048,12.0,4.0
8.6074,1783622757.932604,FORWARD_PADDLE,UNKNOWN,0.506606,forward_paddle,FORWARD_PADDLE,5.0,1.0,0.4,1.5708,3.0,2,0.0015339808305725455,-0.0,0.0,12.100000381469727,4.0,0.003067961661145091,-0.0,0.005379999987781048,12.0,4.0
8.6234,1783622757.948646,FORWARD_PADDLE,UNKNOWN,0.506606,forward_paddle,FORWARD_PADDLE,5.0,1.0,0.4,1.5708,3.0,2,0.003067961661145091,-0.0,0.0,12.100000381469727,4.0,0.003067961661145091,-0.0,0.005379999987781048,12.0,4.0
8.6394,1783622757.964624,FORWARD_PADDLE,UNKNOWN,0.506606,forward_paddle,FORWARD_PADDLE,5.0,1.0,0.4,1.5708,3.0,2,0.0015339808305725455,-0.0,0.0,12.100000381469727,4.0,0.003067961661145091,-0.0,0.005379999987781048,12.0,4.0
8.6554,1783622757.980595,FORWARD_PADDLE,UNKNOWN,0.506606,forward_paddle,FORWARD_PADDLE,5.0,1.0,0.4,1.5708,3.0,2,0.0015339808305725455,-0.0,0.0,12.100000381469727,4.0,0.003067961661145091,-0.0,0.005379999987781048,12.0,4.0
8.6714,1783622757.996588,FORWARD_PADDLE,UNKNOWN,0.506606,forward_paddle,FORWARD_PADDLE,5.0,1.0,0.4,1.5708,3.0,2,0.003067961661145091,-0.0,0.0,12.100000381469727,4.0,0.003067961661145091,-0.0,0.005379999987781048,12.0,4.0
8.6874,1783622758.012625,FORWARD_PADDLE,UNKNOWN,0.506606,forward_paddle,FORWARD_PADDLE,5.0,1.0,0.4,1.5708,3.0,2,0.0015339808305725455,-0.0,0.0,12.100000381469727,4.0,0.003067961661145091,-0.0,0.005379999987781048,12.0,4.0
8.7033,1783622758.02858,FORWARD_PADDLE,UNKNOWN,0.506606,forward_paddle,FORWARD_PADDLE,5.0,1.0,0.4,1.5708,3.0,2,0.003067961661145091,-0.0,0.0,12.100000381469727,4.0,0.003067961661145091,-0.0,0.005379999987781048,12.0,4.0
8.7194,1783622758.04465,FORWARD_PADDLE,UNKNOWN,0.506606,forward_paddle,FORWARD_PADDLE,5.0,1.0,0.4,1.5708,3.0,2,0.0015339808305725455,-0.0,0.0,12.100000381469727,4.0,0.003067961661145091,-0.0,0.005379999987781048,12.0,4.0
8.7354,1783622758.060596,FORWARD_PADDLE,UNKNOWN,0.506606,forward_paddle,FORWARD_PADDLE,5.0,1.0,0.4,1.5708,3.0,2,0.0015339808305725455,-0.0,0.0,12.100000381469727,4.0,0.003067961661145091,-0.0,0.005379999987781048,12.0,4.0
8.7514,1783622758.076591,FORWARD_PADDLE,UNKNOWN,0.506606,forward_paddle,FORWARD_PADDLE,5.0,1.0,0.4,1.5708,3.0,2,0.0015339808305725455,-0.0,0.0,12.100000381469727,4.0,0.003067961661145091,-0.0,0.005379999987781048,12.0,4.0
8.7674,1783622758.092605,FORWARD_PADDLE,UNKNOWN,0.506606,forward_paddle,FORWARD_PADDLE,5.0,1.0,0.4,1.5708,3.0,2,0.0015339808305725455,-0.0,0.0,12.100000381469727,4.0,0.003067961661145091,-0.0,0.005379999987781048,12.0,4.0
8.7834,1783622758.108589,FORWARD_PADDLE,UNKNOWN,0.506606,forward_paddle,FORWARD_PADDLE,5.0,1.0,0.4,1.5708,3.0,2,0.0015339808305725455,-0.0,0.0,12.100000381469727,4.0,0.003067961661145091,-0.0,0.005379999987781048,12.0,4.0
8.7994,1783622758.124622,FORWARD_PADDLE,UNKNOWN,0.506606,forward_paddle,FORWARD_PADDLE,5.0,1.0,0.4,1.5708,3.0,2,0.0015339808305725455,-0.0,0.0,12.100000381469727,4.0,0.003067961661145091,-0.0,0.005379999987781048,12.0,4.0
8.8159,1783622758.141103,FORWARD_PADDLE,UNKNOWN,0.506606,forward_paddle,FORWARD_PADDLE,5.0,1.0,0.4,1.5708,3.0,2,0.003067961661145091,-0.0,0.0,12.100000381469727,4.0,0.003067961661145091,-0.0,0.005379999987781048,12.0,4.0
8.8319,1783622758.157118,FORWARD_PADDLE,UNKNOWN,0.506606,forward_paddle,FORWARD_PADDLE,5.0,1.0,0.4,1.5708,3.0,2,0.003067961661145091,-0.0,0.0,12.100000381469727,4.0,0.003067961661145091,-0.0,0.005379999987781048,12.0,4.0
8.8474,1783622758.172635,FORWARD_PADDLE,UNKNOWN,0.506606,forward_paddle,FORWARD_PADDLE,5.0,1.0,0.4,1.5708,3.0,2,0.003067961661145091,-0.0,0.002689999993890524,12.100000381469727,4.0,0.003067961661145091,-0.0,0.005379999987781048,12.0,4.0
8.8634,1783622758.188634,FORWARD_PADDLE,UNKNOWN,0.506606,forward_paddle,FORWARD_PADDLE,5.0,1.0,0.4,1.5708,3.0,2,0.0015339808305725455,-0.0,0.0,12.100000381469727,4.0,0.003067961661145091,-0.0,0.005379999987781048,12.0,4.0
8.8794,1783622758.204614,FORWARD_PADDLE,UNKNOWN,0.506606,forward_paddle,FORWARD_PADDLE,5.0,1.0,0.4,1.5708,3.0,2,0.003067961661145091,-0.0,0.002689999993890524,12.100000381469727,4.0,0.003067961661145091,-0.0,0.005379999987781048,12.0,4.0
8.8954,1783622758.220602,FORWARD_PADDLE,UNKNOWN,0.506606,forward_paddle,FORWARD_PADDLE,5.0,1.0,0.4,1.5708,3.0,2,0.0015339808305725455,-0.0,0.0,12.100000381469727,4.0,0.003067961661145091,-0.0,0.005379999987781048,12.0,4.0
8.9113,1783622758.236578,FORWARD_PADDLE,UNKNOWN,0.506606,forward_paddle,FORWARD_PADDLE,5.0,1.0,0.4,1.5708,3.0,2,0.003067961661145091,-0.0,0.0,12.100000381469727,4.0,0.003067961661145091,-0.0,0.005379999987781048,12.0,4.0
8.9273,1783622758.252574,FORWARD_PADDLE,UNKNOWN,0.506606,forward_paddle,FORWARD_PADDLE,5.0,1.0,0.4,1.5708,3.0,2,0.003067961661145091,-0.0,0.0,12.100000381469727,4.0,0.003067961661145091,-0.0,0.005379999987781048,12.0,4.0
8.9434,1783622758.268604,FORWARD_PADDLE,UNKNOWN,0.506606,forward_paddle,FORWARD_PADDLE,5.0,1.0,0.4,1.5708,3.0,2,0.003067961661145091,-0.0,0.0,12.100000381469727,4.0,0.003067961661145091,-0.0,0.005379999987781048,12.0,4.0
8.9594,1783622758.284588,FORWARD_PADDLE,UNKNOWN,0.506606,forward_paddle,FORWARD_PADDLE,5.0,1.0,0.4,1.5708,3.0,2,0.0015339808305725455,-0.0,0.0,12.100000381469727,4.0,0.003067961661145091,-0.0,0.005379999987781048,12.0,4.0
8.9753,1783622758.300575,FORWARD_PADDLE,UNKNOWN,0.506606,forward_paddle,FORWARD_PADDLE,5.0,1.0,0.4,1.5708,3.0,2,0.0015339808305725455,-0.0,0.0,12.100000381469727,4.0,0.003067961661145091,-0.0,0.008070000447332859,12.0,4.0
8.9913,1783622758.316586,FORWARD_PADDLE,UNKNOWN,0.506606,forward_paddle,FORWARD_PADDLE,5.0,1.0,0.4,1.5708,3.0,2,-0.0,-0.0,0.0,12.100000381469727,4.0,0.003067961661145091,-0.0,0.008070000447332859,12.0,4.0
9.0074,1783622758.332596,FORWARD_PADDLE,UNKNOWN,0.506606,forward_paddle,FORWARD_PADDLE,5.0,1.0,0.4,1.5708,3.0,2,-0.0015339808305725455,-0.023980824276804924,-0.002689999993890524,12.100000381469727,4.0,0.003067961661145091,-0.0,0.002689999993890524,12.0,4.0
9.0233,1783622758.348573,FORWARD_PADDLE,UNKNOWN,0.506606,forward_paddle,FORWARD_PADDLE,5.0,1.0,0.4,1.5708,3.0,2,-0.0015339808305725455,-0.04796164855360985,-0.005379999987781048,12.100000381469727,4.0,0.003067961661145091,-0.0,0.005379999987781048,12.0,4.0
9.0394,1783622758.364592,FORWARD_PADDLE,UNKNOWN,0.506606,forward_paddle,FORWARD_PADDLE,5.0,1.0,0.4,1.5708,3.0,2,-0.0,-0.023980824276804924,-0.005379999987781048,12.100000381469727,4.0,0.003067961661145091,-0.0,0.005379999987781048,12.0,4.0
9.0554,1783622758.380592,FORWARD_PADDLE,UNKNOWN,0.506606,forward_paddle,FORWARD_PADDLE,5.0,1.0,0.4,1.5708,3.0,2,-0.0015339808305725455,-0.0,-0.005379999987781048,12.100000381469727,4.0,0.003067961661145091,-0.0,0.005379999987781048,12.0,4.0
9.0713,1783622758.396578,FORWARD_PADDLE,UNKNOWN,0.506606,forward_paddle,FORWARD_PADDLE,5.0,1.0,0.4,1.5708,3.0,2,-0.0015339808305725455,-0.0,-0.002689999993890524,12.100000381469727,4.0,0.003067961661145091,-0.0,0.005379999987781048,12.0,4.0
9.0873,1783622758.412571,FORWARD_PADDLE,UNKNOWN,0.506606,forward_paddle,FORWARD_PADDLE,5.0,1.0,0.4,1.5708,3.0,2,-0.0015339808305725455,-0.0,-0.002689999993890524,12.100000381469727,4.0,0.003067961661145091,-0.0,0.005379999987781048,12.0,4.0
9.1193,1783622758.444551,FORWARD_PADDLE,UNKNOWN,0.506606,forward_paddle,FORWARD_PADDLE,5.0,1.0,0.4,1.5708,3.0,2,-0.0015339808305725455,-0.0,-0.002689999993890524,12.100000381469727,4.0,0.003067961661145091,-0.0,0.005379999987781048,12.0,4.0
9.1353,1783622758.460545,FORWARD_PADDLE,UNKNOWN,0.506606,forward_paddle,FORWARD_PADDLE,5.0,1.0,0.4,1.5708,3.0,2,-0.0015339808305725455,-0.0,-0.005379999987781048,12.100000381469727,4.0,0.003067961661145091,-0.0,0.005379999987781048,12.0,4.0
9.1513,1783622758.476562,FORWARD_PADDLE,UNKNOWN,0.506606,forward_paddle,FORWARD_PADDLE,5.0,1.0,0.4,1.5708,3.0,2,-0.0,-0.0,-0.005379999987781048,12.100000381469727,4.0,0.003067961661145091,-0.0,0.005379999987781048,12.0,4.0
9.1673,1783622758.492553,FORWARD_PADDLE,UNKNOWN,0.506606,forward_paddle,FORWARD_PADDLE,5.0,1.0,0.4,1.5708,3.0,2,-0.0015339808305725455,-0.0,-0.002689999993890524,12.100000381469727,4.0,0.003067961661145091,-0.0,0.005379999987781048,12.0,4.0
9.1833,1783622758.508546,FORWARD_PADDLE,UNKNOWN,0.506606,forward_paddle,FORWARD_PADDLE,5.0,1.0,0.4,1.5708,3.0,2,-0.0,-0.0,-0.002689999993890524,12.100000381469727,4.0,0.003067961661145091,-0.0,0.005379999987781048,12.0,4.0
9.1993,1783622758.524564,FORWARD_PADDLE,UNKNOWN,0.506606,forward_paddle,FORWARD_PADDLE,5.0,1.0,0.4,1.5708,3.0,2,-0.0,-0.0,-0.002689999993890524,12.100000381469727,4.0,0.003067961661145091,-0.0,0.005379999987781048,12.0,4.0
9.2154,1783622758.540635,FORWARD_PADDLE,UNKNOWN,0.506606,forward_paddle,FORWARD_PADDLE,5.0,1.0,0.4,1.5708,3.0,2,-0.0015339808305725455,-0.0,-0.005379999987781048,12.100000381469727,4.0,0.003067961661145091,-0.0,0.005379999987781048,12.0,4.0
9.2313,1783622758.556581,FORWARD_PADDLE,UNKNOWN,0.506606,forward_paddle,FORWARD_PADDLE,5.0,1.0,0.4,1.5708,3.0,2,-0.0,-0.0,-0.005379999987781048,12.100000381469727,4.0,0.003067961661145091,-0.0,0.005379999987781048,12.0,4.0
9.2483,1783622758.573565,FORWARD_PADDLE,UNKNOWN,0.506606,forward_paddle,FORWARD_PADDLE,5.0,1.0,0.4,1.5708,3.0,2,-0.0,-0.0,-0.002689999993890524,12.100000381469727,4.0,0.003067961661145091,-0.0,0.005379999987781048,12.0,4.0
9.2633,1783622758.588568,FORWARD_PADDLE,UNKNOWN,0.506606,forward_paddle,FORWARD_PADDLE,5.0,1.0,0.4,1.5708,3.0,2,-0.0,-0.0,-0.002689999993890524,12.100000381469727,4.0,0.003067961661145091,-0.0,0.005379999987781048,12.0,4.0
9.2794,1783622758.60461,FORWARD_PADDLE,UNKNOWN,0.506606,forward_paddle,FORWARD_PADDLE,5.0,1.0,0.4,1.5708,3.0,2,-0.0,-0.0,-0.002689999993890524,12.100000381469727,4.0,0.003067961661145091,-0.0,0.005379999987781048,12.0,4.0
9.2954,1783622758.6206,FORWARD_PADDLE,UNKNOWN,0.506606,forward_paddle,FORWARD_PADDLE,5.0,1.0,0.4,1.5708,3.0,2,-0.0,-0.0,-0.002689999993890524,12.100000381469727,4.0,0.003067961661145091,-0.0,0.005379999987781048,12.0,4.0
9.3114,1783622758.63659,FORWARD_PADDLE,UNKNOWN,0.506606,forward_paddle,FORWARD_PADDLE,5.0,1.0,0.4,1.5708,3.0,2,-0.0,-0.0,-0.002689999993890524,12.100000381469727,4.0,0.003067961661145091,-0.0,0.005379999987781048,12.0,4.0
9.3273,1783622758.652547,FORWARD_PADDLE,UNKNOWN,0.506606,forward_paddle,FORWARD_PADDLE,5.0,1.0,0.4,1.5708,3.0,2,-0.0,-0.0,-0.002689999993890524,12.100000381469727,4.0,0.003067961661145091,-0.0,0.005379999987781048,12.0,4.0
9.3433,1783622758.668581,FORWARD_PADDLE,UNKNOWN,0.506606,forward_paddle,FORWARD_PADDLE,5.0,1.0,0.4,1.5708,3.0,2,-0.0,-0.0,-0.002689999993890524,12.100000381469727,4.0,0.003067961661145091,-0.0,0.005379999987781048,12.0,4.0
9.3593,1783622758.684549,FORWARD_PADDLE,UNKNOWN,0.506606,forward_paddle,FORWARD_PADDLE,5.0,1.0,0.4,1.5708,3.0,2,-0.0,-0.0,-0.002689999993890524,12.100000381469727,4.0,0.003067961661145091,-0.0,0.005379999987781048,12.0,4.0
9.3753,1783622758.700546,FORWARD_PADDLE,UNKNOWN,0.506606,forward_paddle,FORWARD_PADDLE,5.0,1.0,0.4,1.5708,3.0,2,-0.0015339808305725455,-0.0,-0.002689999993890524,12.100000381469727,4.0,0.003067961661145091,-0.0,0.005379999987781048,12.0,4.0
9.3914,1783622758.716623,FORWARD_PADDLE,UNKNOWN,0.506606,forward_paddle,FORWARD_PADDLE,5.0,1.0,0.4,1.5708,3.0,2,-0.0,-0.0,-0.002689999993890524,12.100000381469727,4.0,0.003067961661145091,-0.0,0.005379999987781048,12.0,4.0
9.4074,1783622758.732627,FORWARD_PADDLE,UNKNOWN,0.506606,forward_paddle,FORWARD_PADDLE,5.0,1.0,0.4,1.5708,3.0,2,-0.0,-0.0,0.0,12.100000381469727,4.0,0.003067961661145091,-0.0,0.005379999987781048,12.0,4.0
9.4233,1783622758.748543,FORWARD_PADDLE,UNKNOWN,0.506606,forward_paddle,FORWARD_PADDLE,5.0,1.0,0.4,1.5708,3.0,2,-0.0,-0.0,0.0,12.100000381469727,4.0,0.003067961661145091,-0.0,0.005379999987781048,12.0,4.0
9.4395,1783622758.764688,FORWARD_PADDLE,UNKNOWN,0.506606,forward_paddle,FORWARD_PADDLE,5.0,1.0,0.4,1.5708,3.0,2,-0.0,-0.0,0.0,12.100000381469727,4.0,0.003067961661145091,-0.0,0.008070000447332859,12.0,4.0
9.4554,1783622758.780678,FORWARD_PADDLE,UNKNOWN,0.506606,forward_paddle,FORWARD_PADDLE,5.0,1.0,0.4,1.5708,3.0,2,-0.0,-0.0,0.0,12.100000381469727,4.0,0.003067961661145091,-0.0,0.008070000447332859,12.0,4.0
